sw_factor,vh_factor,tier,pms_over,pms_under,pms_unused,pms_used,pms_over_degree,min_cut
0.0,0.0,0,0,3,0,3,0,4340
0.0,0.01,0,0,3,0,3,0,4300
0.0,0.02,0,0,3,0,3,0,4420
0.0,0.03,0,0,3,0,3,0,4360
0.0,0.04,0,0,3,0,3,0,4380
0.0,0.05,0,0,3,0,3,0,4360
0.0,0.06,0,0,3,0,3,0,4460
0.0,0.07,0,0,3,0,3,0,4340
0.0,0.08,0,0,3,0,3,0,4300
0.0,0.09,0,0,3,0,3,0,4300
0.0,0.1,0,0,3,0,3,0,4280
0.0,0.11,0,0,3,0,3,0,4320
0.0,0.12,0,0,3,0,3,0,4320
0.0,0.13,0,0,3,0,3,0,4280
0.0,0.14,0,0,3,0,3,0,4260
0.0,0.15,0,0,3,0,3,0,4240
0.0,0.16,0,0,3,0,3,0,4280
0.0,0.17,0,0,3,0,3,0,4680
0.0,0.18,0,0,3,0,3,0,4280
0.0,0.19,0,0,3,0,3,0,4220
0.0,0.2,0,0,3,0,3,0,4320
0.0,0.21,0,0,3,0,3,0,4360
0.0,0.22,0,0,3,0,3,0,4300
0.0,0.23,0,0,3,0,3,0,4300
0.0,0.24,0,0,3,0,3,0,4340
0.0,0.25,0,0,3,0,3,0,4380
0.0,0.26,0,0,3,0,3,0,4340
0.0,0.27,0,0,3,0,3,0,4340
0.0,0.28,0,0,3,0,3,0,4340
0.0,0.29,0,0,3,0,3,0,4120
0.0,0.3,0,0,3,0,3,0,4120
0.0,0.31,0,0,3,0,3,0,4120
0.0,0.32,0,0,3,0,3,0,4120
0.0,0.33,0,0,3,0,3,0,4120
0.0,0.34,0,0,3,0,3,0,4120
0.0,0.35,0,0,3,0,3,0,4120
0.0,0.36,0,0,3,0,3,0,4120
0.0,0.37,0,0,3,0,3,0,4120
0.0,0.38,0,0,3,0,3,0,4120
0.0,0.39,0,0,3,0,3,0,4120
0.0,0.4,0,0,3,0,3,0,4120
0.0,0.41,0,0,3,0,3,0,4120
0.0,0.42,0,0,3,0,3,0,4120
0.0,0.43,0,0,3,0,3,0,4120
0.0,0.44,0,0,3,0,3,0,4120
0.0,0.45,0,0,3,0,3,0,4120
0.0,0.46,0,0,3,0,3,0,4120
0.0,0.47,0,0,3,0,3,0,4120
0.0,0.48,0,0,3,0,3,0,4120
0.0,0.49,0,0,3,0,3,0,4120
0.0,0.5,0,0,3,0,3,0,4120
0.01,0.0,0,0,3,0,3,0,4260
0.01,0.01,0,0,3,0,3,0,4180
0.01,0.02,0,0,3,0,3,0,3960
0.01,0.03,0,0,3,0,3,0,3900
0.01,0.04,0,0,3,0,3,0,4320
0.01,0.05,0,0,3,0,3,0,4120
0.01,0.06,0,0,3,0,3,0,4140
0.01,0.07,0,0,3,0,3,0,4000
0.01,0.08,0,0,3,0,3,0,4000
0.01,0.09,0,0,3,0,3,0,4280
0.01,0.1,0,0,3,0,3,0,4280
0.01,0.11,0,0,3,0,3,0,4200
0.01,0.12,0,0,3,0,3,0,4080
0.01,0.13,0,0,3,0,3,0,4160
0.01,0.14,0,0,3,0,3,0,4100
0.01,0.15,0,0,3,0,3,0,4200
0.01,0.16,0,0,3,0,3,0,4160
0.01,0.17,0,0,3,0,3,0,4220
0.01,0.18,0,0,3,0,3,0,4200
0.01,0.19,0,0,3,0,3,0,4100
0.01,0.2,0,0,3,0,3,0,3980
0.01,0.21,0,0,3,0,3,0,4160
0.01,0.22,0,0,3,0,3,0,4220
0.01,0.23,0,0,3,0,3,0,4080
0.01,0.24,0,0,3,0,3,0,3900
0.01,0.25,0,0,3,0,3,0,4120
0.01,0.26,0,0,3,0,3,0,4180
0.01,0.27,0,0,2,0,3,0,4120
0.01,0.28,0,0,3,0,3,0,4140
0.01,0.29,0,0,3,0,3,0,4240
0.01,0.3,0,0,3,0,3,0,4080
0.01,0.31,0,0,3,0,3,0,4220
0.01,0.32,0,0,3,0,3,0,4180
0.01,0.33,0,0,3,0,3,0,4180
0.01,0.34,0,0,3,0,3,0,4180
0.01,0.35,0,0,3,0,3,0,4180
0.01,0.36,0,0,3,0,3,0,4180
0.01,0.37,0,0,3,0,3,0,4180
0.01,0.38,0,0,3,0,3,0,4180
0.01,0.39,0,0,3,0,3,0,4180
0.01,0.4,0,0,3,0,3,0,4180
0.01,0.41,0,0,3,0,3,0,4180
0.01,0.42,0,0,3,0,3,0,4180
0.01,0.43,0,0,3,0,3,0,4180
0.01,0.44,0,0,3,0,3,0,4180
0.01,0.45,0,0,3,0,3,0,4180
0.01,0.46,0,0,3,0,3,0,4180
0.01,0.47,0,0,3,0,3,0,4180
0.01,0.48,0,0,3,0,3,0,4180
0.01,0.49,0,0,3,0,3,0,4180
0.01,0.5,0,0,3,0,3,0,4180
0.02,0.0,0,0,3,0,3,0,4120
0.02,0.01,0,0,3,0,3,0,4140
0.02,0.02,0,0,3,0,3,0,4220
0.02,0.03,0,0,3,0,3,0,4080
0.02,0.04,0,0,3,0,3,0,4060
0.02,0.05,0,0,3,0,3,0,4000
0.02,0.06,0,0,3,0,3,0,4160
0.02,0.07,0,0,3,0,3,0,4020
0.02,0.08,0,0,3,0,3,0,3760
0.02,0.09,0,0,3,0,3,0,3960
0.02,0.1,0,0,3,0,3,0,4160
0.02,0.11,0,0,3,0,3,0,3900
0.02,0.12,0,0,3,0,3,0,4020
0.02,0.13,0,0,3,0,3,0,3880
0.02,0.14,0,0,3,0,3,0,4020
0.02,0.15,0,0,3,0,3,0,3960
0.02,0.16,0,0,3,0,3,0,3960
0.02,0.17,0,0,3,0,3,0,3840
0.02,0.18,0,0,3,0,3,0,3940
0.02,0.19,0,0,3,0,3,0,4140
0.02,0.2,0,0,3,0,3,0,3960
0.02,0.21,0,0,3,0,3,0,4080
0.02,0.22,0,0,3,0,3,0,4000
0.02,0.23,0,0,3,0,3,0,4000
0.02,0.24,0,0,3,0,3,0,4200
0.02,0.25,0,0,3,0,3,0,4080
0.02,0.26,0,0,3,0,3,0,4000
0.02,0.27,0,0,3,0,3,0,4100
0.02,0.28,0,0,3,0,3,0,3920
0.02,0.29,0,0,3,0,3,0,3920
0.02,0.3,0,0,3,0,3,0,3920
0.02,0.31,0,0,3,0,3,0,3920
0.02,0.32,0,0,3,0,3,0,3920
0.02,0.33,0,0,3,0,3,0,3920
0.02,0.34,0,0,3,0,3,0,3920
0.02,0.35,0,0,3,0,3,0,3920
0.02,0.36,0,0,3,0,3,0,3920
0.02,0.37,0,0,3,0,3,0,3920
0.02,0.38,0,0,3,0,3,0,3920
0.02,0.39,0,0,3,0,3,0,3920
0.02,0.4,0,0,3,0,3,0,3920
0.02,0.41,0,0,3,0,3,0,3920
0.02,0.42,0,0,3,0,3,0,3920
0.02,0.43,0,0,3,0,3,0,3920
0.02,0.44,0,0,3,0,3,0,3920
0.02,0.45,0,0,3,0,3,0,3920
0.02,0.46,0,0,3,0,3,0,3920
0.02,0.47,0,0,3,0,3,0,3920
0.02,0.48,0,0,3,0,3,0,3920
0.02,0.49,0,0,3,0,3,0,3920
0.02,0.5,0,0,3,0,3,0,3920
0.03,0.0,0,0,3,0,3,0,4240
0.03,0.01,0,0,3,0,3,0,4100
0.03,0.02,0,0,3,0,3,0,4540
0.03,0.03,0,0,3,0,3,0,3880
0.03,0.04,0,0,3,0,3,0,4240
0.03,0.05,0,0,3,0,3,0,3940
0.03,0.06,0,0,3,0,3,0,3980
0.03,0.07,0,0,3,0,3,0,4020
0.03,0.08,0,0,3,0,3,0,3980
0.03,0.09,0,0,3,0,3,0,3980
0.03,0.1,0,0,3,0,3,0,4180
0.03,0.11,0,0,3,0,3,0,4020
0.03,0.12,0,0,3,0,3,0,4000
0.03,0.13,0,0,3,0,3,0,3980
0.03,0.14,0,0,2,0,3,0,3940
0.03,0.15,0,0,3,0,3,0,4100
0.03,0.16,0,0,2,0,3,0,3960
0.03,0.17,0,0,3,0,3,0,3940
0.03,0.18,0,0,3,0,3,0,3960
0.03,0.19,0,0,3,0,3,0,3920
0.03,0.2,0,0,3,0,3,0,3980
0.03,0.21,0,0,3,0,3,0,4000
0.03,0.22,0,0,3,0,3,0,3940
0.03,0.23,0,0,3,0,3,0,4080
0.03,0.24,0,0,3,0,3,0,3840
0.03,0.25,0,0,3,0,3,0,3900
0.03,0.26,0,0,3,0,3,0,3960
0.03,0.27,0,0,3,0,3,0,4000
0.03,0.28,0,0,3,0,3,0,4000
0.03,0.29,0,0,3,0,3,0,3900
0.03,0.3,0,0,3,0,3,0,4000
0.03,0.31,0,0,3,0,3,0,4020
0.03,0.32,0,0,3,0,3,0,4020
0.03,0.33,0,0,3,0,3,0,4020
0.03,0.34,0,0,3,0,3,0,4020
0.03,0.35,0,0,3,0,3,0,4020
0.03,0.36,0,0,3,0,3,0,4020
0.03,0.37,0,0,3,0,3,0,4020
0.03,0.38,0,0,3,0,3,0,4020
0.03,0.39,0,0,3,0,3,0,4020
0.03,0.4,0,0,3,0,3,0,4020
0.03,0.41,0,0,3,0,3,0,4020
0.03,0.42,0,0,3,0,3,0,4020
0.03,0.43,0,0,3,0,3,0,4020
0.03,0.44,0,0,3,0,3,0,4020
0.03,0.45,0,0,3,0,3,0,4020
0.03,0.46,0,0,3,0,3,0,4020
0.03,0.47,0,0,3,0,3,0,4020
0.03,0.48,0,0,3,0,3,0,4020
0.03,0.49,0,0,3,0,3,0,4020
0.03,0.5,0,0,3,0,3,0,4020
0.04,0.0,0,0,3,0,3,0,4320
0.04,0.01,0,0,3,0,3,0,4160
0.04,0.02,0,0,3,0,3,0,4060
0.04,0.03,0,0,3,0,3,0,4200
0.04,0.04,0,0,3,0,3,0,4280
0.04,0.05,0,0,3,0,3,0,4020
0.04,0.06,0,0,3,0,3,0,4060
0.04,0.07,0,0,3,0,3,0,3980
0.04,0.08,0,0,3,0,3,0,3920
0.04,0.09,0,0,3,0,3,0,3960
0.04,0.1,0,0,3,0,3,0,4100
0.04,0.11,0,0,3,0,3,0,4060
0.04,0.12,0,0,3,0,3,0,4040
0.04,0.13,0,0,3,0,3,0,4000
0.04,0.14,0,0,3,0,3,0,4080
0.04,0.15,0,0,2,0,3,0,4020
0.04,0.16,0,0,3,0,3,0,3880
0.04,0.17,0,0,2,0,3,0,3920
0.04,0.18,0,0,3,0,3,0,3980
0.04,0.19,0,0,3,0,3,0,3980
0.04,0.2,0,0,3,0,3,0,4020
0.04,0.21,0,0,2,0,3,0,4040
0.04,0.22,0,0,2,0,3,0,4020
0.04,0.23,0,0,3,0,3,0,3880
0.04,0.24,0,0,3,0,3,0,4020
0.04,0.25,0,0,2,0,3,0,3840
0.04,0.26,0,0,3,0,3,0,4020
0.04,0.27,0,0,3,0,3,0,4100
0.04,0.28,0,0,2,0,3,0,4020
0.04,0.29,0,0,3,0,3,0,4000
0.04,0.3,0,0,3,0,3,0,4000
0.04,0.31,0,0,3,0,3,0,4000
0.04,0.32,0,0,3,0,3,0,4000
0.04,0.33,0,0,3,0,3,0,4000
0.04,0.34,0,0,3,0,3,0,4000
0.04,0.35,0,0,3,0,3,0,4000
0.04,0.36,0,0,3,0,3,0,4000
0.04,0.37,0,0,3,0,3,0,4000
0.04,0.38,0,0,3,0,3,0,4000
0.04,0.39,0,0,3,0,3,0,4000
0.04,0.4,0,0,3,0,3,0,4000
0.04,0.41,0,0,3,0,3,0,4000
0.04,0.42,0,0,3,0,3,0,4000
0.04,0.43,0,0,3,0,3,0,4000
0.04,0.44,0,0,3,0,3,0,4000
0.04,0.45,0,0,3,0,3,0,4000
0.04,0.46,0,0,3,0,3,0,4000
0.04,0.47,0,0,3,0,3,0,4000
0.04,0.48,0,0,3,0,3,0,4000
0.04,0.49,0,0,3,0,3,0,4000
0.04,0.5,0,0,3,0,3,0,4000
0.05,0.0,0,0,3,0,3,0,4220
0.05,0.01,0,0,3,0,3,0,4000
0.05,0.02,0,0,3,0,3,0,3980
0.05,0.03,0,0,3,0,3,0,4160
0.05,0.04,0,0,3,0,3,0,4300
0.05,0.05,0,0,3,0,3,0,3960
0.05,0.06,0,0,3,0,3,0,3920
0.05,0.07,0,0,3,0,3,0,3980
0.05,0.08,0,0,3,0,3,0,4040
0.05,0.09,0,0,3,0,3,0,3900
0.05,0.1,0,0,3,0,3,0,3960
0.05,0.11,0,0,3,0,3,0,3960
0.05,0.12,0,0,3,0,3,0,4040
0.05,0.13,0,0,3,0,3,0,3980
0.05,0.14,0,0,3,0,3,0,3960
0.05,0.15,0,0,3,0,3,0,4040
0.05,0.16,0,0,3,0,3,0,3960
0.05,0.17,0,0,3,0,3,0,3980
0.05,0.18,0,0,3,0,3,0,3980
0.05,0.19,0,0,3,0,3,0,4040
0.05,0.2,0,0,3,0,3,0,3980
0.05,0.21,0,0,3,0,3,0,3980
0.05,0.22,0,0,3,0,3,0,3940
0.05,0.23,0,0,3,0,3,0,3980
0.05,0.24,0,0,3,0,3,0,3980
0.05,0.25,0,0,3,0,3,0,4040
0.05,0.26,0,0,2,0,3,0,3940
0.05,0.27,0,0,3,0,3,0,3980
0.05,0.28,0,0,2,0,3,0,3900
0.05,0.29,0,0,2,0,3,0,3860
0.05,0.3,0,0,2,0,3,0,4160
0.05,0.31,0,0,2,0,3,0,3980
0.05,0.32,0,0,2,0,3,0,3980
0.05,0.33,0,0,2,0,3,0,3980
0.05,0.34,0,0,2,0,3,0,3980
0.05,0.35,0,0,2,0,3,0,3980
0.05,0.36,0,0,2,0,3,0,3980
0.05,0.37,0,0,2,0,3,0,3980
0.05,0.38,0,0,2,0,3,0,3980
0.05,0.39,0,0,2,0,3,0,3980
0.05,0.4,0,0,2,0,3,0,3980
0.05,0.41,0,0,2,0,3,0,3980
0.05,0.42,0,0,2,0,3,0,3980
0.05,0.43,0,0,2,0,3,0,3980
0.05,0.44,0,0,2,0,3,0,3980
0.05,0.45,0,0,2,0,3,0,3980
0.05,0.46,0,0,2,0,3,0,3980
0.05,0.47,0,0,2,0,3,0,3980
0.05,0.48,0,0,2,0,3,0,3980
0.05,0.49,0,0,2,0,3,0,3980
0.05,0.5,0,0,2,0,3,0,3980
0.06,0.0,0,0,3,0,3,0,4100
0.06,0.01,0,0,3,0,3,0,4060
0.06,0.02,0,0,3,0,3,0,3860
0.06,0.03,0,0,3,0,3,0,3920
0.06,0.04,0,0,3,0,3,0,4040
0.06,0.05,0,0,3,0,3,0,3920
0.06,0.06,0,0,3,0,3,0,3980
0.06,0.07,0,0,3,0,3,0,3900
0.06,0.08,0,0,3,0,3,0,3880
0.06,0.09,0,0,3,0,3,0,3900
0.06,0.1,0,0,3,0,3,0,3900
0.06,0.11,0,0,3,0,3,0,3780
0.06,0.12,0,0,3,0,3,0,3840
0.06,0.13,0,0,3,0,3,0,3800
0.06,0.14,0,0,3,0,3,0,3760
0.06,0.15,0,0,2,0,3,0,3860
0.06,0.16,0,0,3,0,3,0,3840
0.06,0.17,0,0,3,0,3,0,3760
0.06,0.18,0,0,3,0,3,0,3900
0.06,0.19,0,0,2,0,3,0,4080
0.06,0.2,0,0,3,0,3,0,3840
0.06,0.21,0,0,3,0,3,0,3860
0.06,0.22,0,0,3,0,3,0,3780
0.06,0.23,0,0,3,0,3,0,3820
0.06,0.24,0,0,3,0,3,0,3880
0.06,0.25,0,0,2,0,3,0,3840
0.06,0.26,0,0,2,0,3,0,4040
0.06,0.27,0,0,3,0,3,0,4080
0.06,0.28,0,0,2,0,3,0,4060
0.06,0.29,0,0,2,0,3,0,4100
0.06,0.3,0,0,2,0,3,0,4060
0.06,0.31,0,0,2,0,3,0,4060
0.06,0.32,0,0,2,0,3,0,4060
0.06,0.33,0,0,2,0,3,0,4060
0.06,0.34,0,0,2,0,3,0,4060
0.06,0.35,0,0,2,0,3,0,4060
0.06,0.36,0,0,2,0,3,0,4060
0.06,0.37,0,0,2,0,3,0,4060
0.06,0.38,0,0,2,0,3,0,4060
0.06,0.39,0,0,2,0,3,0,4060
0.06,0.4,0,0,2,0,3,0,4060
0.06,0.41,0,0,2,0,3,0,4060
0.06,0.42,0,0,2,0,3,0,4060
0.06,0.43,0,0,2,0,3,0,4060
0.06,0.44,0,0,2,0,3,0,4060
0.06,0.45,0,0,2,0,3,0,4060
0.06,0.46,0,0,2,0,3,0,4060
0.06,0.47,0,0,2,0,3,0,4060
0.06,0.48,0,0,2,0,3,0,4060
0.06,0.49,0,0,2,0,3,0,4060
0.06,0.5,0,0,2,0,3,0,4060
0.07,0.0,0,0,3,0,3,0,4100
0.07,0.01,0,0,3,0,3,0,4100
0.07,0.02,0,0,3,0,3,0,4020
0.07,0.03,0,0,3,0,3,0,4060
0.07,0.04,0,0,3,0,3,0,3800
0.07,0.05,0,0,3,0,3,0,3900
0.07,0.06,0,0,3,0,3,0,4060
0.07,0.07,0,0,3,0,3,0,3940
0.07,0.08,0,0,3,0,3,0,3900
0.07,0.09,0,0,3,0,3,0,4060
0.07,0.1,0,0,3,0,3,0,3940
0.07,0.11,0,0,3,0,3,0,3820
0.07,0.12,0,0,2,0,3,0,3920
0.07,0.13,0,0,2,0,3,0,3900
0.07,0.14,0,0,2,0,3,0,4040
0.07,0.15,0,0,2,0,3,0,3900
0.07,0.16,0,0,2,0,3,0,3980
0.07,0.17,0,0,2,0,3,0,4100
0.07,0.18,0,0,2,0,3,0,4100
0.07,0.19,0,0,3,0,3,0,3980
0.07,0.2,0,0,2,0,3,0,3940
0.07,0.21,0,0,2,0,3,0,3920
0.07,0.22,0,0,2,0,3,0,4000
0.07,0.23,0,0,2,0,3,0,3980
0.07,0.24,0,0,2,0,3,0,3920
0.07,0.25,0,0,2,0,3,0,3920
0.07,0.26,0,0,3,0,3,0,3980
0.07,0.27,0,0,2,0,3,0,3900
0.07,0.28,0,0,2,0,3,0,3940
0.07,0.29,0,0,2,0,3,0,3940
0.07,0.3,0,0,2,0,3,0,3940
0.07,0.31,0,0,2,0,3,0,3940
0.07,0.32,0,0,2,0,3,0,3940
0.07,0.33,0,0,2,0,3,0,3940
0.07,0.34,0,0,2,0,3,0,3940
0.07,0.35,0,0,2,0,3,0,3940
0.07,0.36,0,0,2,0,3,0,3940
0.07,0.37,0,0,2,0,3,0,3940
0.07,0.38,0,0,2,0,3,0,3940
0.07,0.39,0,0,2,0,3,0,3940
0.07,0.4,0,0,2,0,3,0,3940
0.07,0.41,0,0,2,0,3,0,3940
0.07,0.42,0,0,2,0,3,0,3940
0.07,0.43,0,0,2,0,3,0,3940
0.07,0.44,0,0,2,0,3,0,3940
0.07,0.45,0,0,2,0,3,0,3940
0.07,0.46,0,0,2,0,3,0,3940
0.07,0.47,0,0,2,0,3,0,3940
0.07,0.48,0,0,2,0,3,0,3940
0.07,0.49,0,0,2,0,3,0,3940
0.07,0.5,0,0,2,0,3,0,3940
0.08,0.0,0,0,3,0,3,0,4240
0.08,0.01,0,0,3,0,3,0,4100
0.08,0.02,0,0,3,0,3,0,4140
0.08,0.03,0,0,3,0,3,0,3960
0.08,0.04,0,0,3,0,3,0,3980
0.08,0.05,0,0,3,0,3,0,3680
0.08,0.06,0,0,3,0,3,0,3900
0.08,0.07,0,0,3,0,3,0,3980
0.08,0.08,0,0,3,0,3,0,3840
0.08,0.09,0,0,3,0,3,0,3940
0.08,0.1,0,0,3,0,3,0,4020
0.08,0.11,0,0,3,0,3,0,3980
0.08,0.12,0,0,3,0,3,0,3980
0.08,0.13,0,0,2,0,3,0,3960
0.08,0.14,0,0,2,0,3,0,3940
0.08,0.15,0,0,2,0,3,0,3880
0.08,0.16,0,0,2,0,3,0,4020
0.08,0.17,0,0,2,0,3,0,3960
0.08,0.18,0,0,2,0,3,0,3900
0.08,0.19,0,0,2,0,3,0,3960
0.08,0.2,0,0,2,0,3,0,4000
0.08,0.21,0,0,2,0,3,0,3960
0.08,0.22,0,0,2,0,3,0,3820
0.08,0.23,0,0,2,0,3,0,3900
0.08,0.24,0,0,2,0,3,0,3900
0.08,0.25,0,0,2,0,3,0,3960
0.08,0.26,0,0,2,0,3,0,4000
0.08,0.27,0,0,2,0,3,0,3960
0.08,0.28,0,0,2,0,3,0,4040
0.08,0.29,0,0,2,0,3,0,4040
0.08,0.3,0,0,2,0,3,0,4040
0.08,0.31,0,0,2,0,3,0,4040
0.08,0.32,0,0,2,0,3,0,4040
0.08,0.33,0,0,2,0,3,0,4040
0.08,0.34,0,0,2,0,3,0,4040
0.08,0.35,0,0,2,0,3,0,4040
0.08,0.36,0,0,2,0,3,0,4040
0.08,0.37,0,0,2,0,3,0,4040
0.08,0.38,0,0,2,0,3,0,4040
0.08,0.39,0,0,2,0,3,0,4040
0.08,0.4,0,0,2,0,3,0,4040
0.08,0.41,0,0,2,0,3,0,4040
0.08,0.42,0,0,2,0,3,0,4040
0.08,0.43,0,0,2,0,3,0,4040
0.08,0.44,0,0,2,0,3,0,4040
0.08,0.45,0,0,2,0,3,0,4040
0.08,0.46,0,0,2,0,3,0,4040
0.08,0.47,0,0,2,0,3,0,4040
0.08,0.48,0,0,2,0,3,0,4040
0.08,0.49,0,0,2,0,3,0,4040
0.08,0.5,0,0,2,0,3,0,4040
0.09,0.0,0,0,3,0,3,0,4180
0.09,0.01,0,0,3,0,3,0,4080
0.09,0.02,0,0,3,0,3,0,4080
0.09,0.03,0,0,3,0,3,0,4020
0.09,0.04,0,0,3,0,3,0,3980
0.09,0.05,0,0,3,0,3,0,4040
0.09,0.06,0,0,3,0,3,0,3680
0.09,0.07,0,0,3,0,3,0,3880
0.09,0.08,0,0,3,0,3,0,4020
0.09,0.09,0,0,3,0,3,0,3840
0.09,0.1,0,0,3,0,3,0,3880
0.09,0.11,0,0,3,0,3,0,3800
0.09,0.12,0,0,2,0,3,0,3780
0.09,0.13,0,0,2,0,3,0,3780
0.09,0.14,0,0,2,0,3,0,3780
0.09,0.15,0,0,2,0,3,0,3780
0.09,0.16,0,0,2,0,3,0,3720
0.09,0.17,0,0,2,0,3,0,3760
0.09,0.18,0,0,2,0,3,0,3900
0.09,0.19,0,0,2,0,3,0,3860
0.09,0.2,0,0,2,0,3,0,3780
0.09,0.21,0,0,2,0,3,0,3880
0.09,0.22,0,0,2,0,3,0,3900
0.09,0.23,0,0,2,0,3,0,3780
0.09,0.24,0,0,2,0,3,0,3900
0.09,0.25,0,0,2,0,3,0,3760
0.09,0.26,0,0,2,0,3,0,3800
0.09,0.27,0,0,2,0,3,0,3900
0.09,0.28,0,0,2,0,3,0,3860
0.09,0.29,0,0,2,0,3,0,3780
0.09,0.3,0,0,2,0,3,0,3780
0.09,0.31,0,0,2,0,3,0,3780
0.09,0.32,0,0,2,0,3,0,3780
0.09,0.33,0,0,2,0,3,0,3780
0.09,0.34,0,0,2,0,3,0,3780
0.09,0.35,0,0,2,0,3,0,3780
0.09,0.36,0,0,2,0,3,0,3780
0.09,0.37,0,0,2,0,3,0,3780
0.09,0.38,0,0,2,0,3,0,3780
0.09,0.39,0,0,2,0,3,0,3780
0.09,0.4,0,0,2,0,3,0,3780
0.09,0.41,0,0,2,0,3,0,3780
0.09,0.42,0,0,2,0,3,0,3780
0.09,0.43,0,0,2,0,3,0,3780
0.09,0.44,0,0,2,0,3,0,3780
0.09,0.45,0,0,2,0,3,0,3780
0.09,0.46,0,0,2,0,3,0,3780
0.09,0.47,0,0,2,0,3,0,3780
0.09,0.48,0,0,2,0,3,0,3780
0.09,0.49,0,0,2,0,3,0,3780
0.09,0.5,0,0,2,0,3,0,3780
0.1,0.0,0,0,3,0,3,0,4080
0.1,0.01,0,0,3,0,3,0,3960
0.1,0.02,0,0,3,0,3,0,4120
0.1,0.03,0,0,3,0,3,0,3920
0.1,0.04,0,0,3,0,3,0,3980
0.1,0.05,0,0,3,0,3,0,3980
0.1,0.06,0,0,3,0,3,0,3960
0.1,0.07,0,0,3,0,3,0,3760
0.1,0.08,0,0,3,0,3,0,3880
0.1,0.09,0,0,3,0,3,0,3900
0.1,0.1,0,0,3,0,3,0,3860
0.1,0.11,0,0,3,0,3,0,3880
0.1,0.12,0,0,3,0,3,0,3840
0.1,0.13,0,0,2,0,3,0,3680
0.1,0.14,0,0,2,0,3,0,3660
0.1,0.15,0,0,2,0,3,0,3660
0.1,0.16,0,0,2,0,3,0,3740
0.1,0.17,0,0,2,0,3,0,3720
0.1,0.18,0,0,2,0,3,0,3600
0.1,0.19,0,0,2,0,3,0,3860
0.1,0.2,0,0,2,0,3,0,3820
0.1,0.21,0,0,2,0,3,0,3680
0.1,0.22,0,0,2,0,3,0,3820
0.1,0.23,0,0,2,0,3,0,3820
0.1,0.24,0,0,2,0,3,0,3820
0.1,0.25,0,0,2,0,3,0,3820
0.1,0.26,0,0,2,0,3,0,3840
0.1,0.27,0,0,2,0,3,0,3840
0.1,0.28,0,0,2,0,3,0,3880
0.1,0.29,0,0,2,0,3,0,3760
0.1,0.3,0,0,2,0,3,0,3820
0.1,0.31,0,0,2,0,3,0,3700
0.1,0.32,0,0,2,0,3,0,3840
0.1,0.33,0,0,2,0,3,0,3840
0.1,0.34,0,0,2,0,3,0,3840
0.1,0.35,0,0,2,0,3,0,3840
0.1,0.36,0,0,2,0,3,0,3840
0.1,0.37,0,0,2,0,3,0,3840
0.1,0.38,0,0,2,0,3,0,3840
0.1,0.39,0,0,2,0,3,0,3840
0.1,0.4,0,0,2,0,3,0,3840
0.1,0.41,0,0,2,0,3,0,3840
0.1,0.42,0,0,2,0,3,0,3840
0.1,0.43,0,0,2,0,3,0,3840
0.1,0.44,0,0,2,0,3,0,3840
0.1,0.45,0,0,2,0,3,0,3840
0.1,0.46,0,0,2,0,3,0,3840
0.1,0.47,0,0,2,0,3,0,3840
0.1,0.48,0,0,2,0,3,0,3840
0.1,0.49,0,0,2,0,3,0,3840
0.1,0.5,0,0,2,0,3,0,3840
0.11,0.0,0,0,3,0,3,0,4120
0.11,0.01,0,0,3,0,3,0,4040
0.11,0.02,0,0,3,0,3,0,4060
0.11,0.03,0,0,3,0,3,0,3980
0.11,0.04,0,0,3,0,3,0,3960
0.11,0.05,0,0,3,0,3,0,4000
0.11,0.06,0,0,3,0,3,0,3900
0.11,0.07,0,0,3,0,3,0,4180
0.11,0.08,0,0,3,0,3,0,3740
0.11,0.09,0,0,3,0,3,0,3700
0.11,0.1,0,0,3,0,3,0,3780
0.11,0.11,0,0,3,0,3,0,3900
0.11,0.12,0,0,3,0,3,0,3800
0.11,0.13,0,0,2,0,3,0,3680
0.11,0.14,0,0,2,0,3,0,3720
0.11,0.15,0,0,2,0,3,0,3820
0.11,0.16,0,0,2,0,3,0,3820
0.11,0.17,0,0,2,0,3,0,3840
0.11,0.18,0,0,2,0,3,0,3640
0.11,0.19,0,0,2,0,3,0,3660
0.11,0.2,0,0,2,0,3,0,3740
0.11,0.21,0,0,2,0,3,0,3700
0.11,0.22,0,0,2,0,3,0,3660
0.11,0.23,0,0,2,0,3,0,3720
0.11,0.24,0,0,2,0,3,0,3600
0.11,0.25,0,0,2,0,3,0,3820
0.11,0.26,0,0,2,0,3,0,3640
0.11,0.27,0,0,2,0,3,0,3660
0.11,0.28,0,0,2,0,3,0,3700
0.11,0.29,0,0,2,0,3,0,3720
0.11,0.3,0,0,2,0,3,0,3660
0.11,0.31,0,0,2,0,3,0,3660
0.11,0.32,0,0,2,0,3,0,3660
0.11,0.33,0,0,2,0,3,0,3660
0.11,0.34,0,0,2,0,3,0,3660
0.11,0.35,0,0,2,0,3,0,3660
0.11,0.36,0,0,2,0,3,0,3660
0.11,0.37,0,0,2,0,3,0,3660
0.11,0.38,0,0,2,0,3,0,3660
0.11,0.39,0,0,2,0,3,0,3660
0.11,0.4,0,0,2,0,3,0,3660
0.11,0.41,0,0,2,0,3,0,3660
0.11,0.42,0,0,2,0,3,0,3660
0.11,0.43,0,0,2,0,3,0,3660
0.11,0.44,0,0,2,0,3,0,3660
0.11,0.45,0,0,2,0,3,0,3660
0.11,0.46,0,0,2,0,3,0,3660
0.11,0.47,0,0,2,0,3,0,3660
0.11,0.48,0,0,2,0,3,0,3660
0.11,0.49,0,0,2,0,3,0,3660
0.11,0.5,0,0,2,0,3,0,3660
0.12,0.0,0,0,3,0,3,0,4120
0.12,0.01,0,0,3,0,3,0,4040
0.12,0.02,0,0,3,0,3,0,4240
0.12,0.03,0,0,3,0,3,0,3980
0.12,0.04,0,0,3,0,3,0,3940
0.12,0.05,0,0,3,0,3,0,3940
0.12,0.06,0,0,3,0,3,0,3820
0.12,0.07,0,0,3,0,3,0,3820
0.12,0.08,0,0,3,0,3,0,3840
0.12,0.09,0,0,2,0,3,0,3920
0.12,0.1,0,0,3,0,3,0,3680
0.12,0.11,0,0,3,0,3,0,3760
0.12,0.12,0,0,3,0,3,0,3700
0.12,0.13,0,0,3,0,3,0,3760
0.12,0.14,0,0,2,0,3,0,3600
0.12,0.15,0,0,2,0,3,0,3680
0.12,0.16,0,0,2,0,3,0,3940
0.12,0.17,0,0,2,0,3,0,3640
0.12,0.18,0,0,2,0,3,0,3700
0.12,0.19,0,0,2,0,3,0,3560
0.12,0.2,0,0,2,0,3,0,3620
0.12,0.21,0,0,2,0,3,0,3640
0.12,0.22,0,0,2,0,3,0,3680
0.12,0.23,0,0,2,0,3,0,3620
0.12,0.24,0,0,2,0,3,0,3660
0.12,0.25,0,0,2,0,3,0,3840
0.12,0.26,0,0,2,0,3,0,3960
0.12,0.27,0,0,2,0,3,0,3580
0.12,0.28,0,0,2,0,3,0,3580
0.12,0.29,0,0,2,0,3,0,3580
0.12,0.3,0,0,2,0,3,0,3580
0.12,0.31,0,0,2,0,3,0,3580
0.12,0.32,0,0,2,0,3,0,3580
0.12,0.33,0,0,2,0,3,0,3580
0.12,0.34,0,0,2,0,3,0,3580
0.12,0.35,0,0,2,0,3,0,3580
0.12,0.36,0,0,2,0,3,0,3580
0.12,0.37,0,0,2,0,3,0,3580
0.12,0.38,0,0,2,0,3,0,3580
0.12,0.39,0,0,2,0,3,0,3580
0.12,0.4,0,0,2,0,3,0,3580
0.12,0.41,0,0,2,0,3,0,3580
0.12,0.42,0,0,2,0,3,0,3580
0.12,0.43,0,0,2,0,3,0,3580
0.12,0.44,0,0,2,0,3,0,3580
0.12,0.45,0,0,2,0,3,0,3580
0.12,0.46,0,0,2,0,3,0,3580
0.12,0.47,0,0,2,0,3,0,3580
0.12,0.48,0,0,2,0,3,0,3580
0.12,0.49,0,0,2,0,3,0,3580
0.12,0.5,0,0,2,0,3,0,3580
0.13,0.0,0,0,3,0,3,0,4140
0.13,0.01,0,0,3,0,3,0,3900
0.13,0.02,0,0,3,0,3,0,4200
0.13,0.03,0,0,3,0,3,0,3940
0.13,0.04,0,0,3,0,3,0,4100
0.13,0.05,0,0,3,0,3,0,3980
0.13,0.06,0,0,3,0,3,0,3900
0.13,0.07,0,0,3,0,3,0,3840
0.13,0.08,0,0,3,0,3,0,3940
0.13,0.09,0,0,3,0,3,0,3760
0.13,0.1,0,0,3,0,3,0,3800
0.13,0.11,0,0,2,0,3,0,3640
0.13,0.12,0,0,1,0,3,0,3900
0.13,0.13,0,0,3,0,3,0,4000
0.13,0.14,0,0,2,0,3,0,3900
0.13,0.15,0,0,1,0,3,0,3540
0.13,0.16,0,0,2,0,3,0,3840
0.13,0.17,0,0,2,0,3,0,3720
0.13,0.18,0,0,2,0,3,0,3620
0.13,0.19,0,0,2,0,3,0,3620
0.13,0.2,0,0,2,0,3,0,3680
0.13,0.21,0,0,2,0,3,0,3680
0.13,0.22,0,0,2,0,3,0,3820
0.13,0.23,0,0,2,0,3,0,3580
0.13,0.24,0,0,2,0,3,0,3880
0.13,0.25,0,0,2,0,3,0,3780
0.13,0.26,0,0,2,0,3,0,3640
0.13,0.27,0,0,2,0,3,0,3720
0.13,0.28,0,0,2,0,3,0,3660
0.13,0.29,0,0,2,0,3,0,3600
0.13,0.3,0,0,2,0,3,0,3600
0.13,0.31,0,0,2,0,3,0,3600
0.13,0.32,0,0,2,0,3,0,3740
0.13,0.33,0,0,2,0,3,0,3640
0.13,0.34,0,0,2,0,3,0,3640
0.13,0.35,0,0,2,0,3,0,3640
0.13,0.36,0,0,2,0,3,0,3640
0.13,0.37,0,0,2,0,3,0,3640
0.13,0.38,0,0,2,0,3,0,3640
0.13,0.39,0,0,2,0,3,0,3640
0.13,0.4,0,0,2,0,3,0,3640
0.13,0.41,0,0,2,0,3,0,3640
0.13,0.42,0,0,2,0,3,0,3640
0.13,0.43,0,0,2,0,3,0,3640
0.13,0.44,0,0,2,0,3,0,3640
0.13,0.45,0,0,2,0,3,0,3640
0.13,0.46,0,0,2,0,3,0,3640
0.13,0.47,0,0,2,0,3,0,3640
0.13,0.48,0,0,2,0,3,0,3640
0.13,0.49,0,0,2,0,3,0,3640
0.13,0.5,0,0,2,0,3,0,3640
0.14,0.0,0,0,3,0,3,0,4120
0.14,0.01,0,0,3,0,3,0,3980
0.14,0.02,0,0,3,0,3,0,4060
0.14,0.03,0,0,3,0,3,0,3980
0.14,0.04,0,0,3,0,3,0,3940
0.14,0.05,0,0,3,0,3,0,4020
0.14,0.06,0,0,3,0,3,0,3900
0.14,0.07,0,0,3,0,3,0,3900
0.14,0.08,0,0,3,0,3,0,3780
0.14,0.09,0,0,3,0,3,0,3640
0.14,0.1,0,0,2,0,3,0,3660
0.14,0.11,0,0,3,0,3,0,3840
0.14,0.12,0,0,3,0,3,0,3860
0.14,0.13,0,0,2,0,3,0,3720
0.14,0.14,0,0,2,0,3,0,3680
0.14,0.15,0,0,2,0,3,0,3780
0.14,0.16,0,0,1,0,3,0,3600
0.14,0.17,0,0,2,0,3,0,3720
0.14,0.18,0,0,1,0,3,0,3600
0.14,0.19,0,0,2,0,3,0,3840
0.14,0.2,0,0,2,0,3,0,3860
0.14,0.21,0,0,2,0,3,0,3540
0.14,0.22,0,0,2,0,3,0,3840
0.14,0.23,0,0,2,0,3,0,3600
0.14,0.24,0,0,2,0,3,0,3600
0.14,0.25,0,0,2,0,3,0,3760
0.14,0.26,0,0,2,0,3,0,3740
0.14,0.27,0,0,2,0,3,0,3760
0.14,0.28,0,0,2,0,3,0,3800
0.14,0.29,0,0,2,0,3,0,3740
0.14,0.3,0,0,2,0,3,0,3700
0.14,0.31,0,0,2,0,3,0,3700
0.14,0.32,0,0,2,0,3,0,3760
0.14,0.33,0,0,2,0,3,0,3760
0.14,0.34,0,0,2,0,3,0,3760
0.14,0.35,0,0,2,0,3,0,3760
0.14,0.36,0,0,2,0,3,0,3760
0.14,0.37,0,0,2,0,3,0,3760
0.14,0.38,0,0,2,0,3,0,3760
0.14,0.39,0,0,2,0,3,0,3760
0.14,0.4,0,0,2,0,3,0,3760
0.14,0.41,0,0,2,0,3,0,3760
0.14,0.42,0,0,2,0,3,0,3760
0.14,0.43,0,0,2,0,3,0,3760
0.14,0.44,0,0,2,0,3,0,3760
0.14,0.45,0,0,2,0,3,0,3760
0.14,0.46,0,0,2,0,3,0,3760
0.14,0.47,0,0,2,0,3,0,3760
0.14,0.48,0,0,2,0,3,0,3760
0.14,0.49,0,0,2,0,3,0,3760
0.14,0.5,0,0,2,0,3,0,3760
0.15,0.0,0,0,3,0,3,0,4120
0.15,0.01,0,0,3,0,3,0,3960
0.15,0.02,0,0,3,0,3,0,4100
0.15,0.03,0,0,3,0,3,0,3980
0.15,0.04,0,0,3,0,3,0,4020
0.15,0.05,0,0,3,0,3,0,4000
0.15,0.06,0,0,3,0,3,0,3820
0.15,0.07,0,0,3,0,3,0,3960
0.15,0.08,0,0,3,0,3,0,3960
0.15,0.09,0,0,3,0,3,0,3960
0.15,0.1,0,0,2,0,3,0,3840
0.15,0.11,0,0,2,0,3,0,3740
0.15,0.12,0,0,2,0,3,0,3660
0.15,0.13,0,0,1,0,3,0,3640
0.15,0.14,0,0,1,0,3,0,3760
0.15,0.15,0,0,2,0,3,0,3860
0.15,0.16,0,0,1,0,3,0,3880
0.15,0.17,0,0,1,0,3,0,3700
0.15,0.18,0,0,1,0,3,0,3600
0.15,0.19,0,0,2,0,3,0,3620
0.15,0.2,0,0,1,0,3,0,3700
0.15,0.21,0,0,2,0,3,0,3680
0.15,0.22,0,0,1,0,3,0,3620
0.15,0.23,0,0,1,0,3,0,3620
0.15,0.24,0,0,1,0,3,0,3600
0.15,0.25,0,0,2,0,3,0,3580
0.15,0.26,0,0,2,0,3,0,3640
0.15,0.27,0,0,2,0,3,0,3680
0.15,0.28,0,0,2,0,3,0,3740
0.15,0.29,0,0,2,0,3,0,3680
0.15,0.3,0,0,1,0,3,0,3740
0.15,0.31,0,0,1,0,3,0,3740
0.15,0.32,0,0,1,0,3,0,3740
0.15,0.33,0,0,1,0,3,0,3740
0.15,0.34,0,0,1,0,3,0,3740
0.15,0.35,0,0,1,0,3,0,3740
0.15,0.36,0,0,1,0,3,0,3740
0.15,0.37,0,0,1,0,3,0,3740
0.15,0.38,0,0,1,0,3,0,3740
0.15,0.39,0,0,1,0,3,0,3740
0.15,0.4,0,0,1,0,3,0,3740
0.15,0.41,0,0,1,0,3,0,3740
0.15,0.42,0,0,1,0,3,0,3740
0.15,0.43,0,0,1,0,3,0,3740
0.15,0.44,0,0,1,0,3,0,3740
0.15,0.45,0,0,1,0,3,0,3740
0.15,0.46,0,0,1,0,3,0,3740
0.15,0.47,0,0,1,0,3,0,3740
0.15,0.48,0,0,1,0,3,0,3740
0.15,0.49,0,0,1,0,3,0,3740
0.15,0.5,0,0,1,0,3,0,3740
0.16,0.0,0,0,3,0,3,0,4180
0.16,0.01,0,0,3,0,3,0,3960
0.16,0.02,0,0,3,0,3,0,3940
0.16,0.03,0,0,3,0,3,0,3940
0.16,0.04,0,0,3,0,3,0,4000
0.16,0.05,0,0,2,0,3,0,3960
0.16,0.06,0,0,2,0,3,0,3860
0.16,0.07,0,0,2,0,3,0,3980
0.16,0.08,0,0,3,0,3,0,3880
0.16,0.09,0,0,2,0,3,0,3660
0.16,0.1,0,0,2,0,3,0,3740
0.16,0.11,0,0,2,0,3,0,3760
0.16,0.12,0,0,1,0,3,0,3780
0.16,0.13,0,0,1,0,3,0,3620
0.16,0.14,0,0,1,0,3,0,3780
0.16,0.15,0,0,1,0,3,0,3740
0.16,0.16,0,0,1,0,3,0,3740
0.16,0.17,0,0,1,0,3,0,3540
0.16,0.18,0,0,1,0,3,0,3840
0.16,0.19,0,0,1,0,3,0,3660
0.16,0.2,0,0,2,0,3,0,3740
0.16,0.21,0,0,1,0,3,0,3700
0.16,0.22,0,0,1,0,3,0,3540
0.16,0.23,0,0,1,0,3,0,3660
0.16,0.24,0,0,1,0,3,0,3600
0.16,0.25,0,0,2,0,3,0,3620
0.16,0.26,0,0,2,0,3,0,3600
0.16,0.27,0,0,2,0,3,0,3600
0.16,0.28,0,0,2,0,3,0,3600
0.16,0.29,0,0,1,0,3,0,3600
0.16,0.3,0,0,2,0,3,0,3600
0.16,0.31,0,0,2,0,3,0,3600
0.16,0.32,0,0,2,0,3,0,3600
0.16,0.33,0,0,2,0,3,0,3600
0.16,0.34,0,0,2,0,3,0,3640
0.16,0.35,0,0,2,0,3,0,3640
0.16,0.36,0,0,2,0,3,0,3640
0.16,0.37,0,0,2,0,3,0,3640
0.16,0.38,0,0,2,0,3,0,3640
0.16,0.39,0,0,2,0,3,0,3640
0.16,0.4,0,0,2,0,3,0,3640
0.16,0.41,0,0,2,0,3,0,3640
0.16,0.42,0,0,2,0,3,0,3640
0.16,0.43,0,0,2,0,3,0,3640
0.16,0.44,0,0,2,0,3,0,3640
0.16,0.45,0,0,2,0,3,0,3640
0.16,0.46,0,0,2,0,3,0,3640
0.16,0.47,0,0,2,0,3,0,3640
0.16,0.48,0,0,2,0,3,0,3640
0.16,0.49,0,0,2,0,3,0,3640
0.16,0.5,0,0,2,0,3,0,3640
0.17,0.0,0,0,3,0,3,0,4180
0.17,0.01,0,0,3,0,3,0,3900
0.17,0.02,0,0,3,0,3,0,3960
0.17,0.03,0,0,3,0,3,0,3840
0.17,0.04,0,0,3,0,3,0,4000
0.17,0.05,0,0,2,0,3,0,3960
0.17,0.06,0,0,3,0,3,0,3800
0.17,0.07,0,0,3,0,3,0,3920
0.17,0.08,0,0,2,0,3,0,3860
0.17,0.09,0,0,2,0,3,0,3800
0.17,0.1,0,0,2,0,3,0,3800
0.17,0.11,0,0,2,0,3,0,3840
0.17,0.12,0,0,1,0,3,0,4360
0.17,0.13,0,0,1,0,3,0,3620
0.17,0.14,0,0,1,0,3,0,3640
0.17,0.15,0,0,1,0,3,0,3660
0.17,0.16,0,0,1,0,3,0,3640
0.17,0.17,0,0,1,0,3,0,3880
0.17,0.18,0,0,1,0,3,0,3760
0.17,0.19,0,0,1,0,3,0,3600
0.17,0.2,0,0,1,0,3,0,3620
0.17,0.21,0,0,1,0,3,0,3580
0.17,0.22,0,0,1,0,3,0,3500
0.17,0.23,0,0,1,0,3,0,3580
0.17,0.24,0,0,1,0,3,0,3600
0.17,0.25,0,0,1,0,3,0,3500
0.17,0.26,0,0,1,0,3,0,3600
0.17,0.27,0,0,2,0,3,0,3680
0.17,0.28,0,0,1,0,3,0,3720
0.17,0.29,0,0,1,0,3,0,3500
0.17,0.3,0,0,1,0,3,0,3600
0.17,0.31,0,0,1,0,3,0,3460
0.17,0.32,0,0,1,0,3,0,3520
0.17,0.33,0,0,1,0,3,0,3520
0.17,0.34,0,0,1,0,3,0,3600
0.17,0.35,0,0,1,0,3,0,3600
0.17,0.36,0,0,1,0,3,0,3600
0.17,0.37,0,0,1,0,3,0,3600
0.17,0.38,0,0,1,0,3,0,3600
0.17,0.39,0,0,1,0,3,0,3600
0.17,0.4,0,0,1,0,3,0,3600
0.17,0.41,0,0,1,0,3,0,3600
0.17,0.42,0,0,1,0,3,0,3600
0.17,0.43,0,0,1,0,3,0,3600
0.17,0.44,0,0,1,0,3,0,3600
0.17,0.45,0,0,1,0,3,0,3600
0.17,0.46,0,0,1,0,3,0,3600
0.17,0.47,0,0,1,0,3,0,3600
0.17,0.48,0,0,1,0,3,0,3600
0.17,0.49,0,0,1,0,3,0,3600
0.17,0.5,0,0,1,0,3,0,3600
0.18,0.0,0,0,3,0,3,0,4180
0.18,0.01,0,0,3,0,3,0,3920
0.18,0.02,0,0,3,0,3,0,3920
0.18,0.03,0,0,3,0,3,0,3840
0.18,0.04,0,0,3,0,3,0,3960
0.18,0.05,0,0,2,0,3,0,3920
0.18,0.06,0,0,2,0,3,0,3720
0.18,0.07,0,0,2,0,3,0,3880
0.18,0.08,0,0,2,0,3,0,3920
0.18,0.09,0,0,2,0,3,0,3740
0.18,0.1,0,0,2,0,3,0,3780
0.18,0.11,0,0,3,0,3,0,3920
0.18,0.12,0,0,1,0,3,0,3840
0.18,0.13,0,0,1,0,3,0,3640
0.18,0.14,0,0,1,0,3,0,3580
0.18,0.15,0,0,1,0,3,0,3580
0.18,0.16,0,0,1,0,3,0,3580
0.18,0.17,0,0,1,0,3,0,3680
0.18,0.18,0,0,1,0,3,0,3700
0.18,0.19,0,0,1,0,3,0,3560
0.18,0.2,0,0,1,0,3,0,3680
0.18,0.21,0,0,1,0,3,0,3680
0.18,0.22,0,0,1,0,3,0,3640
0.18,0.23,0,0,1,0,3,0,3680
0.18,0.24,0,0,1,0,3,0,3480
0.18,0.25,0,0,1,0,3,0,3580
0.18,0.26,0,0,1,0,3,0,3540
0.18,0.27,0,0,1,0,3,0,3580
0.18,0.28,0,0,1,0,3,0,3480
0.18,0.29,0,0,1,0,3,0,3580
0.18,0.3,0,0,1,0,3,0,3580
0.18,0.31,0,0,1,0,3,0,3560
0.18,0.32,0,0,1,0,3,0,3560
0.18,0.33,0,0,1,0,3,0,3600
0.18,0.34,0,0,1,0,3,0,3460
0.18,0.35,0,0,1,0,3,0,3480
0.18,0.36,0,0,1,0,3,0,3480
0.18,0.37,0,0,1,0,3,0,3480
0.18,0.38,0,0,1,0,3,0,3480
0.18,0.39,0,0,1,0,3,0,3480
0.18,0.4,0,0,1,0,3,0,3480
0.18,0.41,0,0,1,0,3,0,3480
0.18,0.42,0,0,1,0,3,0,3480
0.18,0.43,0,0,1,0,3,0,3480
0.18,0.44,0,0,1,0,3,0,3480
0.18,0.45,0,0,1,0,3,0,3480
0.18,0.46,0,0,1,0,3,0,3480
0.18,0.47,0,0,1,0,3,0,3480
0.18,0.48,0,0,1,0,3,0,3480
0.18,0.49,0,0,1,0,3,0,3480
0.18,0.5,0,0,1,0,3,0,3480
0.19,0.0,0,0,3,0,3,0,4180
0.19,0.01,0,0,3,0,3,0,3960
0.19,0.02,0,0,3,0,3,0,3960
0.19,0.03,0,0,3,0,3,0,3840
0.19,0.04,0,0,3,0,3,0,3960
0.19,0.05,0,0,2,0,3,0,3960
0.19,0.06,0,0,2,0,3,0,3740
0.19,0.07,0,0,2,0,3,0,3840
0.19,0.08,0,0,2,0,3,0,3860
0.19,0.09,0,0,2,0,3,0,3920
0.19,0.1,0,0,2,0,3,0,3800
0.19,0.11,0,0,2,0,3,0,3640
0.19,0.12,0,0,1,0,3,0,3820
0.19,0.13,0,0,1,0,3,0,3660
0.19,0.14,0,0,1,0,3,0,3800
0.19,0.15,0,0,1,0,3,0,3600
0.19,0.16,0,0,1,0,3,0,3440
0.19,0.17,0,0,1,0,3,0,3480
0.19,0.18,0,0,1,0,3,0,3720
0.19,0.19,0,0,1,0,3,0,3580
0.19,0.2,0,0,1,0,3,0,3520
0.19,0.21,0,0,1,0,3,0,3500
0.19,0.22,0,0,1,0,3,0,3500
0.19,0.23,0,0,1,0,3,0,3540
0.19,0.24,0,0,1,0,3,0,3460
0.19,0.25,0,0,1,0,3,0,3500
0.19,0.26,0,0,1,0,3,0,3440
0.19,0.27,0,0,1,0,3,0,3320
0.19,0.28,0,0,1,0,3,0,3320
0.19,0.29,0,0,1,0,3,0,3580
0.19,0.3,0,0,1,0,3,0,3420
0.19,0.31,0,0,1,0,3,0,3580
0.19,0.32,0,0,1,0,3,0,3260
0.19,0.33,0,0,1,0,3,0,3320
0.19,0.34,0,0,1,0,3,0,3520
0.19,0.35,0,0,1,0,3,0,3480
0.19,0.36,0,0,1,0,3,0,3480
0.19,0.37,0,0,1,0,3,0,3480
0.19,0.38,0,0,1,0,3,0,3480
0.19,0.39,0,0,1,0,3,0,3480
0.19,0.4,0,0,1,0,3,0,3480
0.19,0.41,0,0,1,0,3,0,3480
0.19,0.42,0,0,1,0,3,0,3480
0.19,0.43,0,0,1,0,3,0,3480
0.19,0.44,0,0,1,0,3,0,3480
0.19,0.45,0,0,1,0,3,0,3480
0.19,0.46,0,0,1,0,3,0,3480
0.19,0.47,0,0,1,0,3,0,3480
0.19,0.48,0,0,1,0,3,0,3480
0.19,0.49,0,0,1,0,3,0,3480
0.19,0.5,0,0,1,0,3,0,3480
0.2,0.0,0,0,3,0,3,0,4180
0.2,0.01,0,0,3,0,3,0,3920
0.2,0.02,0,0,3,0,3,0,4040
0.2,0.03,0,0,3,0,3,0,3840
0.2,0.04,0,0,3,0,3,0,3960
0.2,0.05,0,0,2,0,3,0,3860
0.2,0.06,0,0,2,0,3,0,3760
0.2,0.07,0,0,2,0,3,0,3860
0.2,0.08,0,0,2,0,3,0,3800
0.2,0.09,0,0,2,0,3,0,4000
0.2,0.1,0,0,2,0,3,0,3740
0.2,0.11,0,0,2,0,3,0,3860
0.2,0.12,0,0,2,0,3,0,3880
0.2,0.13,0,0,1,0,3,0,3480
0.2,0.14,0,0,1,0,3,0,3620
0.2,0.15,0,0,1,0,3,0,3660
0.2,0.16,0,0,1,0,3,0,3480
0.2,0.17,0,0,1,0,3,0,3640
0.2,0.18,0,0,1,0,3,0,3620
0.2,0.19,0,0,1,0,3,0,3660
0.2,0.2,0,0,1,0,3,0,3520
0.2,0.21,0,0,1,0,3,0,3700
0.2,0.22,0,0,1,0,3,0,3560
0.2,0.23,0,0,1,0,3,0,3420
0.2,0.24,0,0,1,0,3,0,3440
0.2,0.25,0,0,1,0,3,0,3380
0.2,0.26,0,0,1,0,3,0,3280
0.2,0.27,0,0,1,0,3,0,3300
0.2,0.28,0,0,1,0,3,0,3240
0.2,0.29,0,0,1,0,3,0,3560
0.2,0.3,0,0,1,0,3,0,3360
0.2,0.31,0,0,1,0,3,0,3440
0.2,0.32,0,0,1,0,3,0,3340
0.2,0.33,0,0,1,0,3,0,3220
0.2,0.34,0,0,1,0,3,0,3440
0.2,0.35,0,0,1,0,3,0,3440
0.2,0.36,0,0,1,0,3,0,3600
0.2,0.37,0,0,1,0,3,0,3540
0.2,0.38,0,0,1,0,3,0,3540
0.2,0.39,0,0,1,0,3,0,3540
0.2,0.4,0,0,1,0,3,0,3540
0.2,0.41,0,0,1,0,3,0,3540
0.2,0.42,0,0,1,0,3,0,3540
0.2,0.43,0,0,1,0,3,0,3540
0.2,0.44,0,0,1,0,3,0,3540
0.2,0.45,0,0,1,0,3,0,3540
0.2,0.46,0,0,1,0,3,0,3540
0.2,0.47,0,0,1,0,3,0,3540
0.2,0.48,0,0,1,0,3,0,3540
0.2,0.49,0,0,1,0,3,0,3540
0.2,0.5,0,0,1,0,3,0,3540
0.21,0.0,0,0,3,0,3,0,4180
0.21,0.01,0,0,3,0,3,0,3960
0.21,0.02,0,0,3,0,3,0,3920
0.21,0.03,0,0,3,0,3,0,3860
0.21,0.04,0,0,3,0,3,0,3960
0.21,0.05,0,0,2,0,3,0,3960
0.21,0.06,0,0,2,0,3,0,3760
0.21,0.07,0,0,2,0,3,0,3860
0.21,0.08,0,0,2,0,3,0,3820
0.21,0.09,0,0,2,0,3,0,3740
0.21,0.1,0,0,2,0,3,0,3700
0.21,0.11,0,0,2,0,3,0,3840
0.21,0.12,0,0,2,0,3,0,3820
0.21,0.13,0,0,1,0,3,0,3600
0.21,0.14,0,0,1,0,3,0,3540
0.21,0.15,0,0,1,0,3,0,3560
0.21,0.16,0,0,1,0,3,0,3680
0.21,0.17,0,0,1,0,3,0,3440
0.21,0.18,0,0,1,0,3,0,3500
0.21,0.19,0,0,1,0,3,0,3480
0.21,0.2,0,0,1,0,3,0,3420
0.21,0.21,0,0,1,0,3,0,3500
0.21,0.22,0,0,1,0,3,0,3500
0.21,0.23,0,0,1,0,3,0,3480
0.21,0.24,0,0,1,0,3,0,3380
0.21,0.25,0,0,1,0,3,0,3440
0.21,0.26,0,0,1,0,3,0,3380
0.21,0.27,0,0,1,0,3,0,3300
0.21,0.28,0,0,1,0,3,0,3120
0.21,0.29,0,0,1,0,3,0,3280
0.21,0.3,0,0,1,0,3,0,3260
0.21,0.31,0,0,1,0,3,0,3380
0.21,0.32,0,0,1,0,3,0,3100
0.21,0.33,0,0,1,0,3,0,3200
0.21,0.34,0,0,1,0,3,0,3240
0.21,0.35,0,0,1,0,3,0,3400
0.21,0.36,0,0,1,0,3,0,3520
0.21,0.37,0,0,1,0,3,0,3300
0.21,0.38,0,0,1,0,3,0,3240
0.21,0.39,0,0,1,0,3,0,3400
0.21,0.4,0,0,1,0,3,0,3400
0.21,0.41,0,0,1,0,3,0,3400
0.21,0.42,0,0,1,0,3,0,3400
0.21,0.43,0,0,1,0,3,0,3400
0.21,0.44,0,0,1,0,3,0,3400
0.21,0.45,0,0,1,0,3,0,3400
0.21,0.46,0,0,1,0,3,0,3400
0.21,0.47,0,0,1,0,3,0,3400
0.21,0.48,0,0,1,0,3,0,3400
0.21,0.49,0,0,1,0,3,0,3400
0.21,0.5,0,0,1,0,3,0,3400
0.22,0.0,0,0,3,0,3,0,4180
0.22,0.01,0,0,3,0,3,0,3960
0.22,0.02,0,0,3,0,3,0,4100
0.22,0.03,0,0,3,0,3,0,3860
0.22,0.04,0,0,3,0,3,0,3960
0.22,0.05,0,0,2,0,3,0,3960
0.22,0.06,0,0,2,0,3,0,3740
0.22,0.07,0,0,2,0,3,0,3900
0.22,0.08,0,0,2,0,3,0,3780
0.22,0.09,0,0,2,0,3,0,3860
0.22,0.1,0,0,2,0,3,0,3760
0.22,0.11,0,0,2,0,3,0,3880
0.22,0.12,0,0,1,0,3,0,3780
0.22,0.13,0,0,1,0,3,0,3620
0.22,0.14,0,0,1,0,3,0,3560
0.22,0.15,0,0,1,0,3,0,3420
0.22,0.16,0,0,1,0,3,0,3400
0.22,0.17,0,0,1,0,3,0,3460
0.22,0.18,0,0,1,0,3,0,3360
0.22,0.19,0,0,1,0,3,0,3240
0.22,0.2,0,0,1,0,3,0,3480
0.22,0.21,0,0,1,0,3,0,3360
0.22,0.22,0,0,1,0,3,0,3320
0.22,0.23,0,0,1,0,3,0,3340
0.22,0.24,0,0,1,0,3,0,3220
0.22,0.25,0,0,1,0,3,0,3460
0.22,0.26,0,0,1,0,3,0,3340
0.22,0.27,0,0,1,0,3,0,3340
0.22,0.28,0,0,1,0,3,0,3200
0.22,0.29,0,0,1,0,3,0,3200
0.22,0.3,0,0,1,0,3,0,3120
0.22,0.31,0,0,1,0,3,0,3240
0.22,0.32,0,0,1,0,3,0,3160
0.22,0.33,0,0,1,0,3,0,3340
0.22,0.34,0,0,1,0,3,0,3260
0.22,0.35,0,0,1,0,3,0,3180
0.22,0.36,0,0,1,0,3,0,3200
0.22,0.37,0,0,1,0,3,0,3180
0.22,0.38,0,0,1,0,3,0,3320
0.22,0.39,0,0,1,0,3,0,3160
0.22,0.4,0,0,1,0,3,0,3160
0.22,0.41,0,0,1,0,3,0,3160
0.22,0.42,0,0,1,0,3,0,3160
0.22,0.43,0,0,1,0,3,0,3160
0.22,0.44,0,0,1,0,3,0,3160
0.22,0.45,0,0,1,0,3,0,3160
0.22,0.46,0,0,1,0,3,0,3160
0.22,0.47,0,0,1,0,3,0,3160
0.22,0.48,0,0,1,0,3,0,3160
0.22,0.49,0,0,1,0,3,0,3160
0.22,0.5,0,0,1,0,3,0,3160
0.23,0.0,0,0,3,0,3,0,4180
0.23,0.01,0,0,3,0,3,0,3960
0.23,0.02,0,0,3,0,3,0,4100
0.23,0.03,0,0,3,0,3,0,3860
0.23,0.04,0,0,3,0,3,0,3960
0.23,0.05,0,0,2,0,3,0,3960
0.23,0.06,0,0,2,0,3,0,3740
0.23,0.07,0,0,2,0,3,0,3900
0.23,0.08,0,0,2,0,3,0,3780
0.23,0.09,0,0,2,0,3,0,3720
0.23,0.1,0,0,2,0,3,0,3740
0.23,0.11,0,0,2,0,3,0,3860
0.23,0.12,0,0,1,0,3,0,3780
0.23,0.13,0,0,1,0,3,0,3560
0.23,0.14,0,0,1,0,3,0,3640
0.23,0.15,0,0,1,0,3,0,3360
0.23,0.16,0,0,1,0,3,0,3460
0.23,0.17,0,0,1,0,3,0,3460
0.23,0.18,0,0,1,0,3,0,3580
0.23,0.19,0,0,1,0,3,0,3340
0.23,0.2,0,0,1,0,3,0,3360
0.23,0.21,0,0,1,0,3,0,3380
0.23,0.22,0,0,1,0,3,0,3420
0.23,0.23,0,0,1,0,3,0,3360
0.23,0.24,0,0,1,0,3,0,3220
0.23,0.25,0,0,1,0,3,0,3320
0.23,0.26,0,0,1,0,3,0,3220
0.23,0.27,0,0,1,0,3,0,3360
0.23,0.28,0,0,1,0,3,0,3260
0.23,0.29,0,0,1,0,3,0,3240
0.23,0.3,0,0,1,0,3,0,3260
0.23,0.31,0,0,1,0,3,0,3260
0.23,0.32,0,0,1,0,3,0,3200
0.23,0.33,0,0,1,0,3,0,3200
0.23,0.34,0,0,1,0,3,0,3220
0.23,0.35,0,0,1,0,3,0,3400
0.23,0.36,0,0,1,0,3,0,3360
0.23,0.37,1,1,2,0,3,6,3200
0.23,0.38,0,0,1,0,3,0,3420
0.23,0.39,1,1,2,0,3,6,3280
0.23,0.4,1,1,1,0,3,5,3260
0.23,0.41,1,1,1,0,3,5,3260
0.23,0.42,0,0,1,0,3,0,3420
0.23,0.43,0,0,1,0,3,0,3420
0.23,0.44,0,0,1,0,3,0,3420
0.23,0.45,0,0,1,0,3,0,3420
0.23,0.46,0,0,1,0,3,0,3420
0.23,0.47,0,0,1,0,3,0,3420
0.23,0.48,0,0,1,0,3,0,3420
0.23,0.49,0,0,1,0,3,0,3420
0.23,0.5,0,0,1,0,3,0,3420
0.24,0.0,0,0,3,0,3,0,4180
0.24,0.01,0,0,3,0,3,0,3960
0.24,0.02,0,0,3,0,3,0,4100
0.24,0.03,0,0,3,0,3,0,3860
0.24,0.04,0,0,3,0,3,0,3960
0.24,0.05,0,0,2,0,3,0,3960
0.24,0.06,0,0,2,0,3,0,3740
0.24,0.07,0,0,2,0,3,0,3900
0.24,0.08,0,0,2,0,3,0,3780
0.24,0.09,0,0,2,0,3,0,3740
0.24,0.1,0,0,2,0,3,0,3660
0.24,0.11,0,0,2,0,3,0,3780
0.24,0.12,0,0,1,0,3,0,3780
0.24,0.13,0,0,1,0,3,0,3440
0.24,0.14,0,0,1,0,3,0,3620
0.24,0.15,0,0,1,0,3,0,3700
0.24,0.16,0,0,1,0,3,0,3420
0.24,0.17,0,0,1,0,3,0,3380
0.24,0.18,0,0,1,0,3,0,3480
0.24,0.19,0,0,1,0,3,0,3320
0.24,0.2,0,0,1,0,3,0,3440
0.24,0.21,0,0,1,0,3,0,3380
0.24,0.22,0,0,1,0,3,0,3360
0.24,0.23,0,0,1,0,3,0,3240
0.24,0.24,0,0,1,0,3,0,3300
0.24,0.25,0,0,1,0,3,0,3140
0.24,0.26,0,0,1,0,3,0,3160
0.24,0.27,0,0,1,0,3,0,3180
0.24,0.28,0,0,1,0,3,0,3140
0.24,0.29,0,0,1,0,3,0,3400
0.24,0.3,0,0,1,0,3,0,3240
0.24,0.31,0,0,1,0,3,0,3160
0.24,0.32,0,0,1,0,3,0,3140
0.24,0.33,0,0,1,0,3,0,3100
0.24,0.34,1,1,1,0,3,5,3180
0.24,0.35,0,0,1,0,3,0,3120
0.24,0.36,0,0,1,0,3,0,3300
0.24,0.37,0,0,1,0,3,0,3200
0.24,0.38,1,1,1,0,3,6,3380
0.24,0.39,1,1,1,0,3,5,3280
0.24,0.4,1,1,1,0,3,5,3200
0.24,0.41,1,1,1,0,3,6,3340
0.24,0.42,1,1,1,0,3,6,3340
0.24,0.43,1,1,1,0,3,6,3340
0.24,0.44,1,1,1,0,3,6,3340
0.24,0.45,1,1,1,0,3,6,3340
0.24,0.46,1,1,1,0,3,6,3340
0.24,0.47,1,1,1,0,3,6,3340
0.24,0.48,1,1,1,0,3,6,3340
0.24,0.49,1,1,1,0,3,6,3340
0.24,0.5,1,1,1,0,3,6,3340
0.25,0.0,0,0,3,0,3,0,4180
0.25,0.01,0,0,3,0,3,0,3960
0.25,0.02,0,0,3,0,3,0,4100
0.25,0.03,0,0,3,0,3,0,3860
0.25,0.04,0,0,3,0,3,0,3960
0.25,0.05,0,0,2,0,3,0,3960
0.25,0.06,0,0,2,0,3,0,3740
0.25,0.07,0,0,2,0,3,0,3900
0.25,0.08,0,0,2,0,3,0,3780
0.25,0.09,0,0,2,0,3,0,3740
0.25,0.1,0,0,2,0,3,0,3680
0.25,0.11,0,0,2,0,3,0,3780
0.25,0.12,0,0,1,0,3,0,3860
0.25,0.13,0,0,1,0,3,0,3440
0.25,0.14,0,0,1,0,3,0,3540
0.25,0.15,0,0,1,0,3,0,3520
0.25,0.16,0,0,1,0,3,0,3460
0.25,0.17,0,0,1,0,3,0,3400
0.25,0.18,0,0,1,0,3,0,3520
0.25,0.19,0,0,1,0,3,0,3340
0.25,0.2,0,0,1,0,3,0,3420
0.25,0.21,0,0,1,0,3,0,3420
0.25,0.22,0,0,1,0,3,0,3340
0.25,0.23,0,0,0,1,2,0,3080
0.25,0.24,0,0,0,1,2,0,2880
0.25,0.25,0,0,0,1,2,0,2960
0.25,0.26,0,0,0,1,2,0,2980
0.25,0.27,0,0,0,1,2,0,3080
0.25,0.28,0,0,0,1,2,0,3020
0.25,0.29,0,0,0,1,2,0,2980
0.25,0.3,1,1,0,1,2,5,2900
0.25,0.31,1,1,0,1,2,5,3020
0.25,0.32,1,1,0,1,2,5,3160
0.25,0.33,0,0,0,1,2,0,3140
0.25,0.34,0,0,0,1,2,0,2920
0.25,0.35,0,0,0,1,2,0,3020
0.25,0.36,0,0,0,1,2,0,2960
0.25,0.37,1,1,0,1,2,6,3080
0.25,0.38,1,1,0,1,2,7,3060
0.25,0.39,1,1,0,1,2,7,3080
0.25,0.4,1,1,0,1,2,5,3120
0.25,0.41,1,1,0,1,2,5,2840
0.25,0.42,0,0,1,0,3,0,3080
0.25,0.43,1,1,0,1,2,6,3100
0.25,0.44,1,1,0,1,2,6,3100
0.25,0.45,0,0,1,0,3,0,3080
0.25,0.46,0,0,1,0,3,0,3080
0.25,0.47,1,1,0,1,2,6,3100
0.25,0.48,0,0,1,0,3,0,3080
0.25,0.49,0,0,1,0,3,0,3080
0.25,0.5,0,0,1,0,3,0,3020
0.26,0.0,0,0,3,0,3,0,4180
0.26,0.01,0,0,3,0,3,0,3960
0.26,0.02,0,0,3,0,3,0,4100
0.26,0.03,0,0,3,0,3,0,3860
0.26,0.04,0,0,3,0,3,0,3960
0.26,0.05,0,0,2,0,3,0,3960
0.26,0.06,0,0,2,0,3,0,3740
0.26,0.07,0,0,2,0,3,0,3900
0.26,0.08,0,0,2,0,3,0,3780
0.26,0.09,0,0,2,0,3,0,3740
0.26,0.1,0,0,2,0,3,0,3680
0.26,0.11,0,0,2,0,3,0,3800
0.26,0.12,0,0,1,0,3,0,3680
0.26,0.13,0,0,1,0,3,0,3460
0.26,0.14,0,0,1,0,3,0,3420
0.26,0.15,0,0,1,0,3,0,3560
0.26,0.16,0,0,1,0,3,0,3600
0.26,0.17,0,0,1,0,3,0,3340
0.26,0.18,0,0,1,0,3,0,3400
0.26,0.19,0,0,1,0,3,0,3300
0.26,0.2,0,0,1,0,3,0,3360
0.26,0.21,0,0,1,0,3,0,3180
0.26,0.22,0,0,0,1,2,0,2960
0.26,0.23,0,0,1,0,3,0,3220
0.26,0.24,0,0,1,0,3,0,3200
0.26,0.25,0,0,1,0,3,0,3180
0.26,0.26,0,0,1,0,3,0,3140
0.26,0.27,0,0,1,0,3,0,3040
0.26,0.28,0,0,1,0,3,0,3180
0.26,0.29,0,0,1,0,3,0,2920
0.26,0.3,0,0,0,1,2,0,3120
0.26,0.31,0,0,0,1,2,0,3040
0.26,0.32,1,1,0,1,2,5,2980
0.26,0.33,0,0,0,1,2,0,3120
0.26,0.34,0,0,0,1,2,0,3060
0.26,0.35,0,0,1,0,3,0,3020
0.26,0.36,0,0,1,0,3,0,3020
0.26,0.37,1,1,1,0,3,5,3040
0.26,0.38,1,1,1,0,3,6,3100
0.26,0.39,0,0,1,0,3,0,2960
0.26,0.4,1,1,1,0,3,5,3160
0.26,0.41,1,1,1,0,3,5,3040
0.26,0.42,1,1,1,0,3,5,3060
0.26,0.43,0,0,1,0,3,0,2960
0.26,0.44,0,0,1,0,3,0,3040
0.26,0.45,1,1,1,0,3,5,3220
0.26,0.46,1,1,1,0,3,5,3220
0.26,0.47,1,1,1,0,3,5,3220
0.26,0.48,1,1,1,0,3,5,3220
0.26,0.49,1,1,1,0,3,5,3220
0.26,0.5,1,1,1,0,3,5,3220
0.27,0.0,0,0,3,0,3,0,4180
0.27,0.01,0,0,3,0,3,0,3960
0.27,0.02,0,0,3,0,3,0,4100
0.27,0.03,0,0,3,0,3,0,3860
0.27,0.04,0,0,3,0,3,0,3960
0.27,0.05,0,0,2,0,3,0,3960
0.27,0.06,0,0,2,0,3,0,3740
0.27,0.07,0,0,2,0,3,0,3900
0.27,0.08,0,0,2,0,3,0,3780
0.27,0.09,0,0,2,0,3,0,3740
0.27,0.1,0,0,2,0,3,0,3680
0.27,0.11,0,0,2,0,3,0,3800
0.27,0.12,0,0,1,0,3,0,3780
0.27,0.13,0,0,1,0,3,0,3420
0.27,0.14,0,0,1,0,3,0,3420
0.27,0.15,0,0,1,0,3,0,3340
0.27,0.16,0,0,1,0,3,0,3400
0.27,0.17,0,0,1,0,3,0,3360
0.27,0.18,0,0,1,0,3,0,3460
0.27,0.19,0,0,1,0,3,0,3200
0.27,0.2,0,0,1,0,3,0,3400
0.27,0.21,0,0,1,0,3,0,3380
0.27,0.22,0,0,0,1,2,0,2900
0.27,0.23,0,0,1,0,3,0,3140
0.27,0.24,0,0,0,1,2,0,3020
0.27,0.25,0,0,0,1,2,0,3040
0.27,0.26,0,0,0,1,2,0,2980
0.27,0.27,0,0,0,1,2,0,2960
0.27,0.28,0,0,0,1,2,0,2960
0.27,0.29,0,0,0,1,2,0,2880
0.27,0.3,0,0,0,1,2,0,2940
0.27,0.31,0,0,0,1,2,0,2900
0.27,0.32,0,0,0,1,2,0,2820
0.27,0.33,1,1,0,1,2,6,2860
0.27,0.34,1,1,0,1,2,5,2860
0.27,0.35,1,1,0,1,2,5,2860
0.27,0.36,0,0,0,1,2,0,2840
0.27,0.37,1,1,0,1,2,7,2860
0.27,0.38,1,1,0,1,2,6,3000
0.27,0.39,1,1,0,1,2,10,2960
0.27,0.4,1,1,0,1,2,7,2920
0.27,0.41,1,1,0,1,2,7,2860
0.27,0.42,0,0,0,1,2,0,2900
0.27,0.43,0,0,0,1,2,0,2820
0.27,0.44,0,0,0,1,2,0,2920
0.27,0.45,1,1,0,1,2,9,2940
0.27,0.46,0,0,0,1,2,0,2860
0.27,0.47,0,0,0,1,2,0,2860
0.27,0.48,0,0,0,1,2,0,2860
0.27,0.49,0,0,0,1,2,0,2860
0.27,0.5,0,0,0,1,2,0,2860
0.28,0.0,0,0,3,0,3,0,4180
0.28,0.01,0,0,3,0,3,0,3960
0.28,0.02,0,0,3,0,3,0,4100
0.28,0.03,0,0,3,0,3,0,3860
0.28,0.04,0,0,3,0,3,0,3960
0.28,0.05,0,0,2,0,3,0,3960
0.28,0.06,0,0,2,0,3,0,3740
0.28,0.07,0,0,2,0,3,0,3900
0.28,0.08,0,0,2,0,3,0,3780
0.28,0.09,0,0,2,0,3,0,3740
0.28,0.1,0,0,2,0,3,0,3680
0.28,0.11,0,0,2,0,3,0,3700
0.28,0.12,0,0,1,0,3,0,3780
0.28,0.13,0,0,1,0,3,0,3580
0.28,0.14,0,0,1,0,3,0,3460
0.28,0.15,0,0,1,0,3,0,3700
0.28,0.16,0,0,1,0,3,0,3280
0.28,0.17,0,0,1,0,3,0,3400
0.28,0.18,0,0,1,0,3,0,3340
0.28,0.19,0,0,1,0,3,0,3200
0.28,0.2,0,0,1,0,3,0,3360
0.28,0.21,0,0,1,0,3,0,3160
0.28,0.22,0,0,0,1,2,0,3000
0.28,0.23,0,0,1,0,3,0,3380
0.28,0.24,0,0,0,1,2,0,2980
0.28,0.25,0,0,0,1,2,0,3020
0.28,0.26,0,0,0,1,2,0,2960
0.28,0.27,0,0,0,1,2,0,3000
0.28,0.28,0,0,0,1,2,0,2800
0.28,0.29,0,0,0,1,2,0,2880
0.28,0.3,0,0,0,1,2,0,2840
0.28,0.31,0,0,0,1,2,0,2860
0.28,0.32,1,1,0,1,2,5,2880
0.28,0.33,1,1,0,1,2,5,2860
0.28,0.34,0,0,0,1,2,0,2880
0.28,0.35,1,1,0,1,2,6,2780
0.28,0.36,1,1,0,1,2,5,3060
0.28,0.37,0,0,0,1,2,0,2900
0.28,0.38,1,1,0,1,2,7,2820
0.28,0.39,1,1,0,1,2,7,2840
0.28,0.4,1,1,0,1,2,5,2760
0.28,0.41,1,1,0,1,2,7,2820
0.28,0.42,0,0,0,1,2,0,2940
0.28,0.43,1,1,0,1,2,9,2780
0.28,0.44,1,1,0,1,2,10,2980
0.28,0.45,1,1,0,1,2,7,2800
0.28,0.46,1,1,0,1,2,6,2820
0.28,0.47,1,1,0,1,2,8,2780
0.28,0.48,1,1,0,1,2,8,2780
0.28,0.49,1,1,0,1,2,8,2780
0.28,0.5,1,1,0,1,2,8,2780
0.29,0.0,0,0,3,0,3,0,4180
0.29,0.01,0,0,3,0,3,0,3960
0.29,0.02,0,0,3,0,3,0,4100
0.29,0.03,0,0,3,0,3,0,3860
0.29,0.04,0,0,3,0,3,0,3960
0.29,0.05,0,0,2,0,3,0,3960
0.29,0.06,0,0,2,0,3,0,3740
0.29,0.07,0,0,2,0,3,0,3900
0.29,0.08,0,0,2,0,3,0,3780
0.29,0.09,0,0,2,0,3,0,3740
0.29,0.1,0,0,2,0,3,0,3680
0.29,0.11,0,0,2,0,3,0,3700
0.29,0.12,0,0,1,0,3,0,3780
0.29,0.13,0,0,1,0,3,0,3580
0.29,0.14,0,0,1,0,3,0,3540
0.29,0.15,0,0,1,0,3,0,3360
0.29,0.16,0,0,1,0,3,0,3360
0.29,0.17,0,0,1,0,3,0,3420
0.29,0.18,0,0,1,0,3,0,3340
0.29,0.19,0,0,1,0,3,0,3160
0.29,0.2,0,0,1,0,3,0,3220
0.29,0.21,0,0,1,0,3,0,3180
0.29,0.22,0,0,0,1,2,0,2980
0.29,0.23,0,0,1,0,3,0,3300
0.29,0.24,0,0,0,1,2,0,3040
0.29,0.25,0,0,0,1,2,0,2960
0.29,0.26,0,0,0,1,2,0,2960
0.29,0.27,0,0,0,1,2,0,2960
0.29,0.28,0,0,0,1,2,0,2920
0.29,0.29,0,0,0,1,2,0,2780
0.29,0.3,0,0,0,1,2,0,2860
0.29,0.31,0,0,0,1,2,0,2880
0.29,0.32,0,0,0,1,2,0,3020
0.29,0.33,1,1,0,1,2,6,2780
0.29,0.34,1,1,0,1,2,5,2700
0.29,0.35,1,1,0,1,2,6,2800
0.29,0.36,1,1,0,1,2,5,2800
0.29,0.37,1,1,0,1,2,5,2720
0.29,0.38,1,1,0,1,2,6,2840
0.29,0.39,1,1,0,1,2,6,2900
0.29,0.4,1,1,0,1,2,5,2900
0.29,0.41,1,1,0,1,2,8,2880
0.29,0.42,1,1,0,1,2,5,2800
0.29,0.43,1,1,0,1,2,10,2820
0.29,0.44,1,1,0,1,2,7,2780
0.29,0.45,1,1,0,1,2,8,2900
0.29,0.46,1,1,0,1,2,8,2900
0.29,0.47,1,1,0,1,2,6,2880
0.29,0.48,1,1,0,1,2,6,2880
0.29,0.49,1,1,0,1,2,6,2880
0.29,0.5,1,1,0,1,2,6,2880
0.3,0.0,0,0,3,0,3,0,4180
0.3,0.01,0,0,3,0,3,0,3960
0.3,0.02,0,0,3,0,3,0,4100
0.3,0.03,0,0,3,0,3,0,3860
0.3,0.04,0,0,3,0,3,0,3960
0.3,0.05,0,0,2,0,3,0,3960
0.3,0.06,0,0,2,0,3,0,3740
0.3,0.07,0,0,2,0,3,0,3900
0.3,0.08,0,0,2,0,3,0,3780
0.3,0.09,0,0,2,0,3,0,3740
0.3,0.1,0,0,2,0,3,0,3680
0.3,0.11,0,0,2,0,3,0,3660
0.3,0.12,0,0,1,0,3,0,3780
0.3,0.13,0,0,1,0,3,0,3580
0.3,0.14,0,0,1,0,3,0,3460
0.3,0.15,0,0,1,0,3,0,3360
0.3,0.16,0,0,1,0,3,0,3360
0.3,0.17,0,0,1,0,3,0,3340
0.3,0.18,0,0,1,0,3,0,3360
0.3,0.19,0,0,1,0,3,0,3220
0.3,0.2,0,0,1,0,3,0,3280
0.3,0.21,0,0,1,0,3,0,3140
0.3,0.22,0,0,0,1,2,0,2920
0.3,0.23,0,0,1,0,3,0,3240
0.3,0.24,0,0,0,1,2,0,2940
0.3,0.25,0,0,0,1,2,0,2960
0.3,0.26,0,0,0,1,2,0,2860
0.3,0.27,0,0,0,1,2,0,3280
0.3,0.28,0,0,0,1,2,0,2880
0.3,0.29,0,0,0,1,2,0,2840
0.3,0.3,0,0,0,1,2,0,2820
0.3,0.31,0,0,0,1,2,0,2680
0.3,0.32,1,1,0,1,2,6,2780
0.3,0.33,1,1,0,1,2,6,2780
0.3,0.34,1,1,0,1,2,6,2760
0.3,0.35,1,1,0,1,2,8,2820
0.3,0.36,1,1,0,1,2,8,2860
0.3,0.37,1,1,0,1,2,7,2780
0.3,0.38,0,0,0,1,2,0,2800
0.3,0.39,1,1,0,1,2,6,2940
0.3,0.4,1,1,0,1,2,8,2800
0.3,0.41,1,1,0,1,2,7,2780
0.3,0.42,1,1,0,1,2,10,2840
0.3,0.43,1,1,0,1,2,8,2820
0.3,0.44,1,1,0,1,2,11,2980
0.3,0.45,1,1,0,1,2,9,2900
0.3,0.46,1,1,0,1,2,8,2720
0.3,0.47,1,1,0,1,2,6,2820
0.3,0.48,0,0,0,1,2,0,2760
0.3,0.49,1,1,0,1,2,6,2820
0.3,0.5,1,1,0,1,2,6,2820
0.31,0.0,0,0,3,0,3,0,4180
0.31,0.01,0,0,3,0,3,0,3960
0.31,0.02,0,0,3,0,3,0,4100
0.31,0.03,0,0,3,0,3,0,3860
0.31,0.04,0,0,3,0,3,0,3960
0.31,0.05,0,0,2,0,3,0,3960
0.31,0.06,0,0,2,0,3,0,3740
0.31,0.07,0,0,2,0,3,0,3900
0.31,0.08,0,0,2,0,3,0,3780
0.31,0.09,0,0,2,0,3,0,3740
0.31,0.1,0,0,2,0,3,0,3680
0.31,0.11,0,0,2,0,3,0,3660
0.31,0.12,0,0,1,0,3,0,3780
0.31,0.13,0,0,1,0,3,0,3580
0.31,0.14,0,0,1,0,3,0,3500
0.31,0.15,0,0,1,0,3,0,3360
0.31,0.16,0,0,1,0,3,0,3280
0.31,0.17,0,0,1,0,3,0,3300
0.31,0.18,0,0,1,0,3,0,3400
0.31,0.19,0,0,1,0,3,0,3220
0.31,0.2,0,0,1,0,3,0,3260
0.31,0.21,0,0,1,0,3,0,3280
0.31,0.22,1,1,0,1,2,5,2980
0.31,0.23,0,0,1,0,3,0,3140
0.31,0.24,1,1,0,1,2,5,3040
0.31,0.25,0,0,0,1,2,0,3000
0.31,0.26,1,1,0,1,2,5,2780
0.31,0.27,0,0,0,1,2,0,2840
0.31,0.28,0,0,0,1,2,0,2880
0.31,0.29,0,0,0,1,2,0,2940
0.31,0.3,0,0,0,1,2,0,2860
0.31,0.31,1,1,0,1,2,5,2720
0.31,0.32,1,1,0,1,2,6,2700
0.31,0.33,1,1,0,1,2,6,2940
0.31,0.34,1,1,0,1,2,7,2880
0.31,0.35,1,1,0,1,2,6,2960
0.31,0.36,1,1,0,1,2,8,2760
0.31,0.37,0,0,0,1,2,0,2780
0.31,0.38,1,1,0,1,2,8,2800
0.31,0.39,1,1,0,1,2,7,2860
0.31,0.4,1,1,0,1,2,10,2900
0.31,0.41,1,1,0,1,2,7,2860
0.31,0.42,1,1,0,1,2,9,2980
0.31,0.43,1,1,0,1,2,10,2860
0.31,0.44,1,1,0,1,2,10,2960
0.31,0.45,1,1,0,1,2,8,2760
0.31,0.46,1,1,0,1,2,10,2980
0.31,0.47,1,1,0,1,2,9,2820
0.31,0.48,1,1,0,1,2,12,2800
0.31,0.49,1,1,0,1,2,11,2860
0.31,0.5,1,1,0,1,2,11,2780
0.32,0.0,0,0,3,0,3,0,4180
0.32,0.01,0,0,3,0,3,0,3960
0.32,0.02,0,0,3,0,3,0,4100
0.32,0.03,0,0,3,0,3,0,3860
0.32,0.04,0,0,3,0,3,0,3960
0.32,0.05,0,0,2,0,3,0,3960
0.32,0.06,0,0,2,0,3,0,3740
0.32,0.07,0,0,2,0,3,0,3900
0.32,0.08,0,0,2,0,3,0,3780
0.32,0.09,0,0,2,0,3,0,3740
0.32,0.1,0,0,2,0,3,0,3680
0.32,0.11,0,0,2,0,3,0,3660
0.32,0.12,0,0,1,0,3,0,3780
0.32,0.13,0,0,1,0,3,0,3580
0.32,0.14,0,0,1,0,3,0,3500
0.32,0.15,0,0,1,0,3,0,3360
0.32,0.16,0,0,1,0,3,0,3280
0.32,0.17,0,0,1,0,3,0,3300
0.32,0.18,0,0,1,0,3,0,3280
0.32,0.19,0,0,1,0,3,0,3100
0.32,0.2,0,0,1,0,3,0,3140
0.32,0.21,0,0,1,0,3,0,3280
0.32,0.22,1,1,0,1,2,5,2960
0.32,0.23,0,0,1,0,3,0,3120
0.32,0.24,1,1,0,1,2,6,2860
0.32,0.25,0,0,0,1,2,0,2900
0.32,0.26,0,0,0,1,2,0,2840
0.32,0.27,0,0,0,1,2,0,3060
0.32,0.28,0,0,0,1,2,0,2760
0.32,0.29,0,0,0,1,2,0,3080
0.32,0.3,0,0,0,1,2,0,2780
0.32,0.31,0,0,0,1,2,0,2780
0.32,0.32,0,0,0,1,2,0,2860
0.32,0.33,0,0,0,1,2,0,2760
0.32,0.34,1,1,0,1,2,7,2760
0.32,0.35,1,1,0,1,2,7,2780
0.32,0.36,1,1,0,1,2,8,2820
0.32,0.37,1,1,0,1,2,6,2760
0.32,0.38,1,1,0,1,2,7,2940
0.32,0.39,1,1,0,1,2,10,2920
0.32,0.4,1,1,0,1,2,8,2660
0.32,0.41,1,1,0,1,2,7,2780
0.32,0.42,1,1,0,1,2,10,2800
0.32,0.43,1,1,0,1,2,10,2900
0.32,0.44,1,1,0,1,2,6,2820
0.32,0.45,1,1,0,1,2,10,2900
0.32,0.46,1,1,0,1,2,9,2860
0.32,0.47,1,1,0,1,2,9,2800
0.32,0.48,1,1,0,1,2,8,2840
0.32,0.49,1,1,0,1,2,10,2860
0.32,0.5,1,1,0,1,2,11,2880
0.33,0.0,0,0,3,0,3,0,4180
0.33,0.01,0,0,3,0,3,0,3960
0.33,0.02,0,0,3,0,3,0,4100
0.33,0.03,0,0,3,0,3,0,3860
0.33,0.04,0,0,3,0,3,0,3960
0.33,0.05,0,0,2,0,3,0,3960
0.33,0.06,0,0,2,0,3,0,3740
0.33,0.07,0,0,2,0,3,0,3900
0.33,0.08,0,0,2,0,3,0,3780
0.33,0.09,0,0,2,0,3,0,3740
0.33,0.1,0,0,2,0,3,0,3680
0.33,0.11,0,0,2,0,3,0,3660
0.33,0.12,0,0,1,0,3,0,3780
0.33,0.13,0,0,1,0,3,0,3580
0.33,0.14,0,0,1,0,3,0,3500
0.33,0.15,0,0,1,0,3,0,3460
0.33,0.16,0,0,1,0,3,0,3280
0.33,0.17,0,0,1,0,3,0,3300
0.33,0.18,0,0,1,0,3,0,3300
0.33,0.19,0,0,1,0,3,0,3120
0.33,0.2,0,0,1,0,3,0,3180
0.33,0.21,0,0,1,0,3,0,3200
0.33,0.22,1,1,0,1,2,5,2980
0.33,0.23,0,0,1,0,3,0,2940
0.33,0.24,0,0,0,1,2,0,3020
0.33,0.25,0,0,0,1,2,0,2840
0.33,0.26,0,0,0,1,2,0,2720
0.33,0.27,0,0,0,1,2,0,2780
0.33,0.28,1,1,0,1,2,6,2860
0.33,0.29,0,0,0,1,2,0,2840
0.33,0.3,0,0,0,1,2,0,2860
0.33,0.31,0,0,0,1,2,0,2800
0.33,0.32,1,1,0,1,2,6,2780
0.33,0.33,1,1,0,1,2,6,2840
0.33,0.34,1,1,0,1,2,7,2920
0.33,0.35,1,1,0,1,2,8,2860
0.33,0.36,1,1,0,1,2,8,2900
0.33,0.37,1,1,0,1,2,10,2800
0.33,0.38,1,1,0,1,2,10,2780
0.33,0.39,1,1,0,1,2,9,2960
0.33,0.4,1,1,0,1,2,7,2780
0.33,0.41,1,1,0,1,2,9,2760
0.33,0.42,1,1,0,1,2,9,2860
0.33,0.43,1,1,0,1,2,11,2980
0.33,0.44,1,1,0,1,2,11,2980
0.33,0.45,1,1,0,1,2,12,2900
0.33,0.46,1,1,0,1,2,10,2920
0.33,0.47,1,1,0,1,2,12,2820
0.33,0.48,1,1,0,1,2,12,2940
0.33,0.49,1,1,0,1,2,12,2740
0.33,0.5,1,1,0,1,2,11,2840
0.34,0.0,0,0,3,0,3,0,4180
0.34,0.01,0,0,3,0,3,0,3960
0.34,0.02,0,0,3,0,3,0,4100
0.34,0.03,0,0,3,0,3,0,3860
0.34,0.04,0,0,3,0,3,0,3960
0.34,0.05,0,0,2,0,3,0,3960
0.34,0.06,0,0,2,0,3,0,3740
0.34,0.07,0,0,2,0,3,0,3900
0.34,0.08,0,0,2,0,3,0,3780
0.34,0.09,0,0,2,0,3,0,3740
0.34,0.1,0,0,2,0,3,0,3680
0.34,0.11,0,0,2,0,3,0,3660
0.34,0.12,0,0,1,0,3,0,3780
0.34,0.13,0,0,1,0,3,0,3580
0.34,0.14,0,0,1,0,3,0,3500
0.34,0.15,0,0,1,0,3,0,3360
0.34,0.16,0,0,1,0,3,0,3280
0.34,0.17,0,0,1,0,3,0,3300
0.34,0.18,0,0,1,0,3,0,3300
0.34,0.19,0,0,1,0,3,0,3080
0.34,0.2,0,0,1,0,3,0,3180
0.34,0.21,0,0,1,0,3,0,3200
0.34,0.22,1,1,0,1,2,6,2960
0.34,0.23,0,0,1,0,3,0,3000
0.34,0.24,1,1,0,1,2,5,2940
0.34,0.25,1,1,0,1,2,5,2840
0.34,0.26,0,0,0,1,2,0,2760
0.34,0.27,0,0,0,1,2,0,2920
0.34,0.28,0,0,0,1,2,0,2720
0.34,0.29,0,0,0,1,2,0,2760
0.34,0.3,0,0,0,1,2,0,2760
0.34,0.31,0,0,0,1,2,0,2840
0.34,0.32,1,1,0,1,2,6,2860
0.34,0.33,1,1,0,1,2,5,2960
0.34,0.34,1,1,0,1,2,7,2740
0.34,0.35,1,1,0,1,2,6,2980
0.34,0.36,1,1,0,1,2,7,2780
0.34,0.37,1,1,0,1,2,9,2740
0.34,0.38,1,1,0,1,2,7,2780
0.34,0.39,1,1,0,1,2,8,2900
0.34,0.4,1,1,0,1,2,10,2800
0.34,0.41,1,1,0,1,2,10,2900
0.34,0.42,1,1,0,1,2,10,2760
0.34,0.43,1,1,0,1,2,11,2940
0.34,0.44,1,1,0,1,2,11,2740
0.34,0.45,1,1,0,1,2,10,2880
0.34,0.46,1,1,0,1,2,12,2980
0.34,0.47,1,1,1,1,2,14,2900
0.34,0.48,1,1,0,1,2,13,2760
0.34,0.49,1,1,0,1,2,13,2900
0.34,0.5,1,1,0,1,2,12,2860
0.35,0.0,0,0,3,0,3,0,4180
0.35,0.01,0,0,3,0,3,0,3960
0.35,0.02,0,0,3,0,3,0,4100
0.35,0.03,0,0,3,0,3,0,3860
0.35,0.04,0,0,3,0,3,0,3960
0.35,0.05,0,0,2,0,3,0,3960
0.35,0.06,0,0,2,0,3,0,3740
0.35,0.07,0,0,2,0,3,0,3900
0.35,0.08,0,0,2,0,3,0,3780
0.35,0.09,0,0,2,0,3,0,3740
0.35,0.1,0,0,2,0,3,0,3680
0.35,0.11,0,0,2,0,3,0,3660
0.35,0.12,0,0,1,0,3,0,3780
0.35,0.13,0,0,1,0,3,0,3580
0.35,0.14,0,0,1,0,3,0,3500
0.35,0.15,0,0,1,0,3,0,3360
0.35,0.16,0,0,1,0,3,0,3280
0.35,0.17,0,0,1,0,3,0,3300
0.35,0.18,0,0,1,0,3,0,3240
0.35,0.19,0,0,1,0,3,0,3160
0.35,0.2,0,0,1,0,3,0,3100
0.35,0.21,0,0,1,0,3,0,3040
0.35,0.22,1,1,0,1,2,6,2980
0.35,0.23,1,1,1,0,3,5,3040
0.35,0.24,1,1,0,1,2,5,2960
0.35,0.25,0,0,0,1,2,0,2860
0.35,0.26,0,0,0,1,2,0,2760
0.35,0.27,0,0,0,1,2,0,2860
0.35,0.28,1,1,0,1,2,6,2700
0.35,0.29,0,0,0,1,2,0,2780
0.35,0.3,1,1,0,1,2,10,3080
0.35,0.31,0,0,0,1,2,0,2860
0.35,0.32,1,1,0,1,2,6,2940
0.35,0.33,1,1,0,1,2,6,2800
0.35,0.34,1,1,0,1,2,6,2860
0.35,0.35,1,1,0,1,2,7,2760
0.35,0.36,1,1,0,1,2,7,2820
0.35,0.37,1,1,0,1,2,9,2800
0.35,0.38,1,1,0,1,2,10,2900
0.35,0.39,1,1,0,1,2,11,3080
0.35,0.4,1,1,0,1,2,10,2760
0.35,0.41,1,1,0,1,2,11,2940
0.35,0.42,1,1,0,1,2,11,2900
0.35,0.43,1,1,0,1,2,11,2660
0.35,0.44,1,1,0,1,2,10,2740
0.35,0.45,1,1,0,1,2,13,2780
0.35,0.46,1,1,1,1,2,14,2880
0.35,0.47,1,1,1,1,2,13,2920
0.35,0.48,1,1,1,1,2,15,3080
0.35,0.49,1,1,0,1,2,12,2960
0.35,0.5,1,1,1,1,2,16,3080
0.36,0.0,0,0,3,0,3,0,4180
0.36,0.01,0,0,3,0,3,0,3960
0.36,0.02,0,0,3,0,3,0,4100
0.36,0.03,0,0,3,0,3,0,3860
0.36,0.04,0,0,3,0,3,0,3960
0.36,0.05,0,0,2,0,3,0,3960
0.36,0.06,0,0,2,0,3,0,3740
0.36,0.07,0,0,2,0,3,0,3900
0.36,0.08,0,0,2,0,3,0,3780
0.36,0.09,0,0,2,0,3,0,3740
0.36,0.1,0,0,2,0,3,0,3680
0.36,0.11,0,0,2,0,3,0,3660
0.36,0.12,0,0,1,0,3,0,3780
0.36,0.13,0,0,1,0,3,0,3580
0.36,0.14,0,0,1,0,3,0,3500
0.36,0.15,0,0,1,0,3,0,3360
0.36,0.16,0,0,1,0,3,0,3280
0.36,0.17,0,0,1,0,3,0,3300
0.36,0.18,0,0,1,0,3,0,3320
0.36,0.19,0,0,1,0,3,0,3160
0.36,0.2,0,0,1,0,3,0,3100
0.36,0.21,0,0,1,0,3,0,3140
0.36,0.22,1,1,0,1,2,6,3000
0.36,0.23,0,0,1,0,3,0,2920
0.36,0.24,1,1,0,1,2,6,2940
0.36,0.25,1,1,0,1,2,5,2760
0.36,0.26,1,1,0,1,2,5,2760
0.36,0.27,0,0,0,1,2,0,2660
0.36,0.28,1,1,0,1,2,5,2800
0.36,0.29,0,0,0,1,2,0,2880
0.36,0.3,0,0,0,1,2,0,2820
0.36,0.31,0,0,0,1,2,0,2720
0.36,0.32,0,0,0,1,2,0,2900
0.36,0.33,1,1,0,1,2,6,2760
0.36,0.34,1,1,0,1,2,7,2880
0.36,0.35,1,1,0,1,2,7,2800
0.36,0.36,1,1,0,1,2,9,2740
0.36,0.37,1,1,0,1,2,10,2800
0.36,0.38,1,1,0,1,2,10,2880
0.36,0.39,1,1,0,1,2,10,2700
0.36,0.4,1,1,0,1,2,11,2900
0.36,0.41,1,1,0,1,2,10,2860
0.36,0.42,1,1,0,1,2,12,2680
0.36,0.43,1,1,0,1,2,12,2700
0.36,0.44,1,1,0,1,2,11,2840
0.36,0.45,1,1,0,1,2,11,2660
0.36,0.46,1,1,0,1,2,13,2780
0.36,0.47,1,1,1,1,2,13,2920
0.36,0.48,1,1,1,1,2,14,3020
0.36,0.49,1,1,1,1,2,15,2940
0.36,0.5,1,1,1,1,2,15,2800
0.37,0.0,0,0,3,0,3,0,4180
0.37,0.01,0,0,3,0,3,0,3960
0.37,0.02,0,0,3,0,3,0,4100
0.37,0.03,0,0,3,0,3,0,3860
0.37,0.04,0,0,3,0,3,0,3960
0.37,0.05,0,0,2,0,3,0,3960
0.37,0.06,0,0,2,0,3,0,3740
0.37,0.07,0,0,2,0,3,0,3900
0.37,0.08,0,0,2,0,3,0,3780
0.37,0.09,0,0,2,0,3,0,3740
0.37,0.1,0,0,2,0,3,0,3680
0.37,0.11,0,0,2,0,3,0,3660
0.37,0.12,0,0,1,0,3,0,3780
0.37,0.13,0,0,1,0,3,0,3580
0.37,0.14,0,0,1,0,3,0,3500
0.37,0.15,0,0,1,0,3,0,3360
0.37,0.16,0,0,1,0,3,0,3280
0.37,0.17,0,0,1,0,3,0,3300
0.37,0.18,0,0,1,0,3,0,3320
0.37,0.19,0,0,1,0,3,0,3160
0.37,0.2,0,0,1,0,3,0,3180
0.37,0.21,0,0,1,0,3,0,3140
0.37,0.22,1,1,0,1,2,6,3020
0.37,0.23,1,1,1,0,3,6,3000
0.37,0.24,1,1,0,1,2,5,3040
0.37,0.25,1,1,0,1,2,5,2880
0.37,0.26,1,1,0,1,2,6,2900
0.37,0.27,1,1,0,1,2,7,2760
0.37,0.28,0,0,0,1,2,0,2760
0.37,0.29,0,0,0,1,2,0,2720
0.37,0.3,0,0,0,1,2,0,2860
0.37,0.31,0,0,0,1,2,0,2980
0.37,0.32,1,1,0,1,2,6,2780
0.37,0.33,1,1,0,1,2,6,2820
0.37,0.34,1,1,0,1,2,7,2760
0.37,0.35,1,1,0,1,2,7,2820
0.37,0.36,1,1,0,1,2,8,2840
0.37,0.37,1,1,0,1,2,10,2840
0.37,0.38,1,1,0,1,2,10,2840
0.37,0.39,1,1,0,1,2,11,2740
0.37,0.4,1,1,0,1,2,11,2820
0.37,0.41,1,1,0,1,2,12,2900
0.37,0.42,1,1,0,1,2,12,2700
0.37,0.43,1,1,0,1,2,11,2700
0.37,0.44,1,1,1,1,2,13,2780
0.37,0.45,1,1,0,1,2,12,2780
0.37,0.46,1,1,1,1,2,14,2860
0.37,0.47,1,1,1,1,2,14,2760
0.37,0.48,1,1,1,1,2,14,2880
0.37,0.49,1,1,1,1,2,14,2820
0.37,0.5,1,1,1,1,2,16,2960
0.38,0.0,0,0,3,0,3,0,4180
0.38,0.01,0,0,3,0,3,0,3960
0.38,0.02,0,0,3,0,3,0,4100
0.38,0.03,0,0,3,0,3,0,3860
0.38,0.04,0,0,3,0,3,0,3960
0.38,0.05,0,0,2,0,3,0,3960
0.38,0.06,0,0,2,0,3,0,3740
0.38,0.07,0,0,2,0,3,0,3900
0.38,0.08,0,0,2,0,3,0,3780
0.38,0.09,0,0,2,0,3,0,3740
0.38,0.1,0,0,2,0,3,0,3680
0.38,0.11,0,0,2,0,3,0,3660
0.38,0.12,0,0,1,0,3,0,3780
0.38,0.13,0,0,1,0,3,0,3580
0.38,0.14,0,0,1,0,3,0,3500
0.38,0.15,0,0,1,0,3,0,3360
0.38,0.16,0,0,1,0,3,0,3280
0.38,0.17,0,0,1,0,3,0,3300
0.38,0.18,0,0,1,0,3,0,3320
0.38,0.19,0,0,1,0,3,0,3060
0.38,0.2,0,0,1,0,3,0,3260
0.38,0.21,0,0,1,0,3,0,3200
0.38,0.22,1,1,0,1,2,6,2960
0.38,0.23,1,1,1,0,3,5,2980
0.38,0.24,1,1,0,1,2,6,3020
0.38,0.25,1,1,0,1,2,6,2740
0.38,0.26,0,0,0,1,2,0,2780
0.38,0.27,1,1,0,1,2,6,2920
0.38,0.28,0,0,0,1,2,0,2680
0.38,0.29,0,0,0,1,2,0,2740
0.38,0.3,0,0,0,1,2,0,2860
0.38,0.31,1,1,0,1,2,7,3000
0.38,0.32,1,1,0,1,2,6,2980
0.38,0.33,1,1,0,1,2,7,2880
0.38,0.34,1,1,0,1,2,7,2840
0.38,0.35,1,1,0,1,2,8,2740
0.38,0.36,1,1,0,1,2,9,2840
0.38,0.37,1,1,0,1,2,9,2820
0.38,0.38,1,1,0,1,2,10,2820
0.38,0.39,1,1,0,1,2,11,2780
0.38,0.4,1,1,0,1,2,12,2840
0.38,0.41,1,1,0,1,2,10,3000
0.38,0.42,1,1,0,1,2,13,2640
0.38,0.43,1,1,1,1,2,13,2820
0.38,0.44,1,1,1,1,2,13,2820
0.38,0.45,1,1,0,1,2,13,2700
0.38,0.46,1,1,0,1,2,13,2920
0.38,0.47,1,1,1,1,2,13,2920
0.38,0.48,1,1,1,1,2,17,3060
0.38,0.49,1,1,1,1,2,16,2960
0.38,0.5,1,1,1,1,2,17,3020
0.39,0.0,0,0,3,0,3,0,4180
0.39,0.01,0,0,3,0,3,0,3960
0.39,0.02,0,0,3,0,3,0,4100
0.39,0.03,0,0,3,0,3,0,3860
0.39,0.04,0,0,3,0,3,0,3960
0.39,0.05,0,0,2,0,3,0,3960
0.39,0.06,0,0,2,0,3,0,3740
0.39,0.07,0,0,2,0,3,0,3900
0.39,0.08,0,0,2,0,3,0,3780
0.39,0.09,0,0,2,0,3,0,3740
0.39,0.1,0,0,2,0,3,0,3680
0.39,0.11,0,0,2,0,3,0,3660
0.39,0.12,0,0,1,0,3,0,3780
0.39,0.13,0,0,1,0,3,0,3580
0.39,0.14,0,0,1,0,3,0,3500
0.39,0.15,0,0,1,0,3,0,3360
0.39,0.16,0,0,1,0,3,0,3280
0.39,0.17,0,0,1,0,3,0,3300
0.39,0.18,0,0,1,0,3,0,3320
0.39,0.19,0,0,1,0,3,0,3060
0.39,0.2,0,0,1,0,3,0,3100
0.39,0.21,0,0,1,0,3,0,3140
0.39,0.22,1,1,0,1,2,6,2900
0.39,0.23,1,1,1,0,3,6,2960
0.39,0.24,1,1,0,1,2,5,2820
0.39,0.25,1,1,0,1,2,6,2800
0.39,0.26,0,0,0,1,2,0,2680
0.39,0.27,1,1,0,1,2,7,2720
0.39,0.28,1,1,0,1,2,5,2720
0.39,0.29,1,1,0,1,2,11,2900
0.39,0.3,0,0,0,1,2,0,2720
0.39,0.31,1,1,0,1,2,5,2760
0.39,0.32,0,0,0,1,2,0,2740
0.39,0.33,1,1,0,1,2,5,2760
0.39,0.34,1,1,0,1,2,6,2900
0.39,0.35,1,1,0,1,2,7,2820
0.39,0.36,1,1,0,1,2,8,2880
0.39,0.37,1,1,0,1,2,9,2920
0.39,0.38,1,1,0,1,2,11,2700
0.39,0.39,1,1,0,1,2,11,2900
0.39,0.4,1,1,0,1,2,12,2900
0.39,0.41,1,1,0,1,2,13,2700
0.39,0.42,1,1,0,1,2,13,2760
0.39,0.43,1,1,0,1,2,11,2680
0.39,0.44,1,1,1,1,2,13,2760
0.39,0.45,1,1,1,1,2,13,2860
0.39,0.46,1,1,1,1,2,15,2900
0.39,0.47,1,1,1,1,2,14,2760
0.39,0.48,1,1,1,1,2,14,2860
0.39,0.49,1,1,1,1,2,15,2720
0.39,0.5,1,1,1,1,2,16,2880
0.4,0.0,0,0,3,0,3,0,4180
0.4,0.01,0,0,3,0,3,0,3960
0.4,0.02,0,0,3,0,3,0,4100
0.4,0.03,0,0,3,0,3,0,3860
0.4,0.04,0,0,3,0,3,0,3960
0.4,0.05,0,0,2,0,3,0,3960
0.4,0.06,0,0,2,0,3,0,3740
0.4,0.07,0,0,2,0,3,0,3900
0.4,0.08,0,0,2,0,3,0,3780
0.4,0.09,0,0,2,0,3,0,3740
0.4,0.1,0,0,2,0,3,0,3680
0.4,0.11,0,0,2,0,3,0,3660
0.4,0.12,0,0,1,0,3,0,3780
0.4,0.13,0,0,1,0,3,0,3580
0.4,0.14,0,0,1,0,3,0,3500
0.4,0.15,0,0,1,0,3,0,3360
0.4,0.16,0,0,1,0,3,0,3280
0.4,0.17,0,0,1,0,3,0,3300
0.4,0.18,0,0,1,0,3,0,3320
0.4,0.19,0,0,1,0,3,0,3060
0.4,0.2,0,0,1,0,3,0,3180
0.4,0.21,0,0,1,0,3,0,3140
0.4,0.22,1,1,0,1,2,5,2980
0.4,0.23,1,1,1,0,3,6,2960
0.4,0.24,1,1,0,1,2,6,2920
0.4,0.25,0,0,0,1,2,0,2800
0.4,0.26,1,1,0,1,2,8,2760
0.4,0.27,0,0,0,1,2,0,2720
0.4,0.28,1,1,0,1,2,9,2820
0.4,0.29,0,0,0,1,2,0,2860
0.4,0.3,1,1,0,1,2,9,2780
0.4,0.31,1,1,0,1,2,9,2880
0.4,0.32,1,1,0,1,2,6,2780
0.4,0.33,1,1,0,1,2,7,2800
0.4,0.34,1,1,0,1,2,7,2820
0.4,0.35,1,1,0,1,2,10,2820
0.4,0.36,1,1,0,1,2,8,2800
0.4,0.37,1,1,0,1,2,10,2920
0.4,0.38,1,1,0,1,2,11,2720
0.4,0.39,1,1,0,1,2,10,2820
0.4,0.4,1,1,0,1,2,12,2880
0.4,0.41,1,1,1,1,2,13,2840
0.4,0.42,1,1,1,1,2,13,2840
0.4,0.43,1,1,1,1,2,13,2980
0.4,0.44,1,1,1,1,2,14,2820
0.4,0.45,1,1,1,1,2,15,2860
0.4,0.46,1,1,1,1,2,13,2820
0.4,0.47,1,1,1,1,2,14,2800
0.4,0.48,1,1,1,1,2,14,2840
0.4,0.49,1,1,1,1,2,15,2820
0.4,0.5,1,1,1,1,2,17,2880
0.41,0.0,0,0,3,0,3,0,4180
0.41,0.01,0,0,3,0,3,0,3960
0.41,0.02,0,0,3,0,3,0,4100
0.41,0.03,0,0,3,0,3,0,3860
0.41,0.04,0,0,3,0,3,0,3960
0.41,0.05,0,0,2,0,3,0,3960
0.41,0.06,0,0,2,0,3,0,3740
0.41,0.07,0,0,2,0,3,0,3900
0.41,0.08,0,0,2,0,3,0,3780
0.41,0.09,0,0,2,0,3,0,3740
0.41,0.1,0,0,2,0,3,0,3680
0.41,0.11,0,0,2,0,3,0,3660
0.41,0.12,0,0,1,0,3,0,3780
0.41,0.13,0,0,1,0,3,0,3580
0.41,0.14,0,0,1,0,3,0,3500
0.41,0.15,0,0,1,0,3,0,3360
0.41,0.16,0,0,1,0,3,0,3280
0.41,0.17,0,0,1,0,3,0,3300
0.41,0.18,0,0,1,0,3,0,3320
0.41,0.19,0,0,1,0,3,0,3060
0.41,0.2,0,0,1,0,3,0,3180
0.41,0.21,0,0,1,0,3,0,3140
0.41,0.22,1,1,0,1,2,5,2980
0.41,0.23,1,1,1,0,3,5,3060
0.41,0.24,1,1,0,1,2,7,2920
0.41,0.25,1,1,0,1,2,7,2800
0.41,0.26,0,0,0,1,2,0,2840
0.41,0.27,0,0,0,1,2,0,2720
0.41,0.28,1,1,0,1,2,9,2760
0.41,0.29,0,0,0,1,2,0,2760
0.41,0.3,1,1,0,1,2,10,3080
0.41,0.31,1,1,0,1,2,7,2820
0.41,0.32,1,1,0,1,2,10,2920
0.41,0.33,1,1,0,1,2,11,2940
0.41,0.34,1,1,0,1,2,7,2760
0.41,0.35,1,1,0,1,2,9,2780
0.41,0.36,1,1,0,1,2,8,2760
0.41,0.37,1,1,0,1,2,8,2840
0.41,0.38,1,1,0,1,2,10,2840
0.41,0.39,1,1,0,1,2,11,2940
0.41,0.4,1,1,0,1,2,12,2780
0.41,0.41,1,1,0,1,2,12,2800
0.41,0.42,1,1,1,1,2,13,2760
0.41,0.43,1,1,1,1,2,14,2840
0.41,0.44,1,1,1,1,2,15,2700
0.41,0.45,1,1,1,1,2,15,2740
0.41,0.46,1,1,1,1,2,16,2760
0.41,0.47,1,1,1,1,2,16,2760
0.41,0.48,1,1,1,1,2,15,2840
0.41,0.49,1,1,1,1,2,17,2780
0.41,0.5,1,1,1,1,2,15,2700
0.42,0.0,0,0,3,0,3,0,4180
0.42,0.01,0,0,3,0,3,0,3960
0.42,0.02,0,0,3,0,3,0,4100
0.42,0.03,0,0,3,0,3,0,3860
0.42,0.04,0,0,3,0,3,0,3960
0.42,0.05,0,0,2,0,3,0,3960
0.42,0.06,0,0,2,0,3,0,3740
0.42,0.07,0,0,2,0,3,0,3900
0.42,0.08,0,0,2,0,3,0,3780
0.42,0.09,0,0,2,0,3,0,3740
0.42,0.1,0,0,2,0,3,0,3680
0.42,0.11,0,0,2,0,3,0,3660
0.42,0.12,0,0,1,0,3,0,3780
0.42,0.13,0,0,1,0,3,0,3580
0.42,0.14,0,0,1,0,3,0,3500
0.42,0.15,0,0,1,0,3,0,3360
0.42,0.16,0,0,1,0,3,0,3280
0.42,0.17,0,0,1,0,3,0,3300
0.42,0.18,0,0,1,0,3,0,3320
0.42,0.19,0,0,1,0,3,0,3060
0.42,0.2,0,0,1,0,3,0,3180
0.42,0.21,0,0,1,0,3,0,3140
0.42,0.22,1,1,0,1,2,5,2980
0.42,0.23,1,1,1,0,3,6,3000
0.42,0.24,1,1,0,1,2,7,2900
0.42,0.25,1,1,0,1,2,7,2740
0.42,0.26,1,1,0,1,2,7,2740
0.42,0.27,1,1,0,1,2,7,2780
0.42,0.28,1,1,0,1,2,8,2820
0.42,0.29,0,0,0,1,2,0,2860
0.42,0.3,1,1,0,1,2,10,2960
0.42,0.31,1,1,0,1,2,9,2820
0.42,0.32,1,1,0,1,2,6,2720
0.42,0.33,1,1,0,1,2,6,2940
0.42,0.34,1,1,0,1,2,6,2820
0.42,0.35,1,1,0,1,2,8,2660
0.42,0.36,1,1,0,1,2,9,2840
0.42,0.37,1,1,0,1,2,9,2740
0.42,0.38,1,1,0,1,2,10,2800
0.42,0.39,1,1,0,1,2,10,2720
0.42,0.4,1,1,0,1,2,12,2920
0.42,0.41,1,1,0,1,2,12,2920
0.42,0.42,1,1,1,1,2,14,2620
0.42,0.43,1,1,1,1,2,14,2820
0.42,0.44,1,1,1,1,2,15,2760
0.42,0.45,1,1,1,1,2,16,3040
0.42,0.46,1,1,1,1,2,16,2820
0.42,0.47,1,1,1,1,2,16,2740
0.42,0.48,1,1,1,1,2,15,2800
0.42,0.49,1,1,1,1,2,15,2680
0.42,0.5,1,1,1,1,2,18,2900
0.43,0.0,0,0,3,0,3,0,4180
0.43,0.01,0,0,3,0,3,0,3960
0.43,0.02,0,0,3,0,3,0,4100
0.43,0.03,0,0,3,0,3,0,3860
0.43,0.04,0,0,3,0,3,0,3960
0.43,0.05,0,0,2,0,3,0,3960
0.43,0.06,0,0,2,0,3,0,3740
0.43,0.07,0,0,2,0,3,0,3900
0.43,0.08,0,0,2,0,3,0,3780
0.43,0.09,0,0,2,0,3,0,3740
0.43,0.1,0,0,2,0,3,0,3680
0.43,0.11,0,0,2,0,3,0,3660
0.43,0.12,0,0,1,0,3,0,3780
0.43,0.13,0,0,1,0,3,0,3580
0.43,0.14,0,0,1,0,3,0,3500
0.43,0.15,0,0,1,0,3,0,3360
0.43,0.16,0,0,1,0,3,0,3280
0.43,0.17,0,0,1,0,3,0,3300
0.43,0.18,0,0,1,0,3,0,3320
0.43,0.19,0,0,1,0,3,0,3060
0.43,0.2,0,0,1,0,3,0,3180
0.43,0.21,0,0,1,0,3,0,3140
0.43,0.22,1,1,0,1,2,5,2980
0.43,0.23,0,0,1,0,3,0,3020
0.43,0.24,1,1,0,1,2,7,2900
0.43,0.25,1,1,0,1,2,5,2720
0.43,0.26,1,1,0,1,2,9,2780
0.43,0.27,1,1,0,1,2,8,2800
0.43,0.28,1,1,0,1,2,6,2760
0.43,0.29,1,1,0,1,2,11,2820
0.43,0.3,0,0,0,1,2,0,2840
0.43,0.31,0,0,0,1,2,0,2800
0.43,0.32,1,1,0,1,2,6,2840
0.43,0.33,1,1,0,1,2,7,2760
0.43,0.34,1,1,0,1,2,7,2900
0.43,0.35,1,1,0,1,2,8,2900
0.43,0.36,1,1,0,1,2,9,2760
0.43,0.37,1,1,0,1,2,7,2920
0.43,0.38,1,1,0,1,2,10,2720
0.43,0.39,1,1,0,1,2,11,2740
0.43,0.4,1,1,0,1,2,11,2860
0.43,0.41,1,1,0,1,2,12,3040
0.43,0.42,1,1,0,1,2,13,3000
0.43,0.43,1,1,1,1,2,14,2880
0.43,0.44,1,1,1,1,2,15,2760
0.43,0.45,1,1,1,1,2,15,2980
0.43,0.46,1,1,1,1,2,17,2880
0.43,0.47,1,1,1,1,2,15,3000
0.43,0.48,1,1,1,1,2,18,2760
0.43,0.49,1,1,1,1,2,17,2780
0.43,0.5,1,1,1,1,2,17,2760
0.44,0.0,0,0,3,0,3,0,4180
0.44,0.01,0,0,3,0,3,0,3960
0.44,0.02,0,0,3,0,3,0,4100
0.44,0.03,0,0,3,0,3,0,3860
0.44,0.04,0,0,3,0,3,0,3960
0.44,0.05,0,0,2,0,3,0,3960
0.44,0.06,0,0,2,0,3,0,3740
0.44,0.07,0,0,2,0,3,0,3900
0.44,0.08,0,0,2,0,3,0,3780
0.44,0.09,0,0,2,0,3,0,3740
0.44,0.1,0,0,2,0,3,0,3680
0.44,0.11,0,0,2,0,3,0,3660
0.44,0.12,0,0,1,0,3,0,3780
0.44,0.13,0,0,1,0,3,0,3580
0.44,0.14,0,0,1,0,3,0,3500
0.44,0.15,0,0,1,0,3,0,3360
0.44,0.16,0,0,1,0,3,0,3280
0.44,0.17,0,0,1,0,3,0,3300
0.44,0.18,0,0,1,0,3,0,3320
0.44,0.19,0,0,1,0,3,0,3060
0.44,0.2,0,0,1,0,3,0,3180
0.44,0.21,0,0,1,0,3,0,3140
0.44,0.22,1,1,0,1,2,5,2980
0.44,0.23,0,0,1,0,3,0,3020
0.44,0.24,1,1,0,1,2,7,2900
0.44,0.25,1,1,0,1,2,8,3040
0.44,0.26,1,1,0,1,2,6,2800
0.44,0.27,1,1,0,1,2,5,2720
0.44,0.28,0,0,0,1,2,0,2900
0.44,0.29,0,0,0,1,2,0,2820
0.44,0.3,1,1,0,1,2,11,2840
0.44,0.31,1,1,0,1,2,8,2860
0.44,0.32,1,1,0,1,2,9,2880
0.44,0.33,1,1,0,1,2,11,2760
0.44,0.34,1,1,0,1,2,7,2740
0.44,0.35,1,1,0,1,2,11,2840
0.44,0.36,1,1,0,1,2,8,2760
0.44,0.37,1,1,0,1,2,10,2900
0.44,0.38,1,1,0,1,2,10,2740
0.44,0.39,1,1,0,1,2,11,2840
0.44,0.4,1,1,0,1,2,12,2800
0.44,0.41,1,1,0,1,2,12,2940
0.44,0.42,1,1,1,1,2,14,2820
0.44,0.43,1,1,1,1,2,14,2800
0.44,0.44,1,1,1,1,2,15,2820
0.44,0.45,1,1,1,1,2,16,2860
0.44,0.46,1,1,1,1,2,17,2820
0.44,0.47,1,1,1,1,2,17,2760
0.44,0.48,1,1,1,1,2,18,2780
0.44,0.49,1,1,1,1,2,17,2800
0.44,0.5,1,1,1,1,2,17,2720
0.45,0.0,0,0,3,0,3,0,4180
0.45,0.01,0,0,3,0,3,0,3960
0.45,0.02,0,0,3,0,3,0,4100
0.45,0.03,0,0,3,0,3,0,3860
0.45,0.04,0,0,3,0,3,0,3960
0.45,0.05,0,0,2,0,3,0,3960
0.45,0.06,0,0,2,0,3,0,3740
0.45,0.07,0,0,2,0,3,0,3900
0.45,0.08,0,0,2,0,3,0,3780
0.45,0.09,0,0,2,0,3,0,3740
0.45,0.1,0,0,2,0,3,0,3680
0.45,0.11,0,0,2,0,3,0,3660
0.45,0.12,0,0,1,0,3,0,3780
0.45,0.13,0,0,1,0,3,0,3580
0.45,0.14,0,0,1,0,3,0,3500
0.45,0.15,0,0,1,0,3,0,3360
0.45,0.16,0,0,1,0,3,0,3280
0.45,0.17,0,0,1,0,3,0,3300
0.45,0.18,0,0,1,0,3,0,3320
0.45,0.19,0,0,1,0,3,0,3060
0.45,0.2,0,0,1,0,3,0,3180
0.45,0.21,0,0,1,0,3,0,3140
0.45,0.22,1,1,0,1,2,5,2980
0.45,0.23,0,0,1,0,3,0,3020
0.45,0.24,1,1,0,1,2,7,2900
0.45,0.25,1,1,0,1,2,8,3040
0.45,0.26,0,0,0,1,2,0,2840
0.45,0.27,0,0,0,1,2,0,2800
0.45,0.28,1,1,0,1,2,10,2820
0.45,0.29,1,1,0,1,2,11,2780
0.45,0.3,1,1,0,1,2,12,2800
0.45,0.31,1,1,0,1,2,12,2900
0.45,0.32,1,1,0,1,2,6,2940
0.45,0.33,1,1,0,1,2,6,2840
0.45,0.34,1,1,0,1,2,7,3020
0.45,0.35,1,1,0,1,2,8,2680
0.45,0.36,1,1,0,1,2,6,2960
0.45,0.37,1,1,0,1,2,10,2840
0.45,0.38,1,1,0,1,2,11,2800
0.45,0.39,1,1,0,1,2,11,2740
0.45,0.4,1,1,0,1,2,12,2880
0.45,0.41,1,1,0,1,2,12,2800
0.45,0.42,1,1,0,1,2,12,2680
0.45,0.43,1,1,1,1,2,13,2880
0.45,0.44,1,1,1,1,2,14,2860
0.45,0.45,1,1,1,1,2,14,2880
0.45,0.46,1,1,1,1,2,17,2820
0.45,0.47,1,1,1,1,2,17,2860
0.45,0.48,1,1,1,1,2,17,2780
0.45,0.49,1,1,1,1,2,19,2720
0.45,0.5,1,1,1,1,2,20,2680
0.46,0.0,0,0,3,0,3,0,4180
0.46,0.01,0,0,3,0,3,0,3960
0.46,0.02,0,0,3,0,3,0,4100
0.46,0.03,0,0,3,0,3,0,3860
0.46,0.04,0,0,3,0,3,0,3960
0.46,0.05,0,0,2,0,3,0,3960
0.46,0.06,0,0,2,0,3,0,3740
0.46,0.07,0,0,2,0,3,0,3900
0.46,0.08,0,0,2,0,3,0,3780
0.46,0.09,0,0,2,0,3,0,3740
0.46,0.1,0,0,2,0,3,0,3680
0.46,0.11,0,0,2,0,3,0,3660
0.46,0.12,0,0,1,0,3,0,3780
0.46,0.13,0,0,1,0,3,0,3580
0.46,0.14,0,0,1,0,3,0,3500
0.46,0.15,0,0,1,0,3,0,3360
0.46,0.16,0,0,1,0,3,0,3280
0.46,0.17,0,0,1,0,3,0,3300
0.46,0.18,0,0,1,0,3,0,3320
0.46,0.19,0,0,1,0,3,0,3060
0.46,0.2,0,0,1,0,3,0,3180
0.46,0.21,0,0,1,0,3,0,3140
0.46,0.22,1,1,0,1,2,5,2980
0.46,0.23,0,0,1,0,3,0,3020
0.46,0.24,1,1,0,1,2,7,2900
0.46,0.25,1,1,0,1,2,8,3040
0.46,0.26,0,0,0,1,2,0,2840
0.46,0.27,0,0,0,1,2,0,2660
0.46,0.28,0,0,0,1,2,0,2720
0.46,0.29,1,1,0,1,2,12,2840
0.46,0.3,0,0,0,1,2,0,2740
0.46,0.31,1,1,0,1,2,13,2920
0.46,0.32,1,1,0,1,2,13,2780
0.46,0.33,1,1,0,1,2,12,2800
0.46,0.34,1,1,0,1,2,7,2920
0.46,0.35,1,1,1,1,2,16,2800
0.46,0.36,1,1,0,1,2,9,2780
0.46,0.37,1,1,0,1,2,9,2800
0.46,0.38,1,1,0,1,2,9,2900
0.46,0.39,1,1,0,1,2,11,2820
0.46,0.4,1,1,0,1,2,12,2880
0.46,0.41,1,1,0,1,2,12,2780
0.46,0.42,1,1,0,1,2,13,2620
0.46,0.43,1,1,1,1,2,15,2940
0.46,0.44,1,1,1,1,2,15,2820
0.46,0.45,1,1,1,1,2,16,2720
0.46,0.46,1,1,1,1,2,17,2780
0.46,0.47,1,1,1,1,2,17,2780
0.46,0.48,1,1,1,1,2,17,2940
0.46,0.49,1,1,1,1,2,19,2680
0.46,0.5,1,1,1,1,2,18,2720
0.47,0.0,0,0,3,0,3,0,4180
0.47,0.01,0,0,3,0,3,0,3960
0.47,0.02,0,0,3,0,3,0,4100
0.47,0.03,0,0,3,0,3,0,3860
0.47,0.04,0,0,3,0,3,0,3960
0.47,0.05,0,0,2,0,3,0,3960
0.47,0.06,0,0,2,0,3,0,3740
0.47,0.07,0,0,2,0,3,0,3900
0.47,0.08,0,0,2,0,3,0,3780
0.47,0.09,0,0,2,0,3,0,3740
0.47,0.1,0,0,2,0,3,0,3680
0.47,0.11,0,0,2,0,3,0,3660
0.47,0.12,0,0,1,0,3,0,3780
0.47,0.13,0,0,1,0,3,0,3580
0.47,0.14,0,0,1,0,3,0,3500
0.47,0.15,0,0,1,0,3,0,3360
0.47,0.16,0,0,1,0,3,0,3280
0.47,0.17,0,0,1,0,3,0,3300
0.47,0.18,0,0,1,0,3,0,3320
0.47,0.19,0,0,1,0,3,0,3060
0.47,0.2,0,0,1,0,3,0,3180
0.47,0.21,0,0,1,0,3,0,3140
0.47,0.22,1,1,0,1,2,5,2980
0.47,0.23,0,0,1,0,3,0,3020
0.47,0.24,1,1,0,1,2,7,2900
0.47,0.25,1,1,0,1,2,8,3040
0.47,0.26,0,0,0,1,2,0,2840
0.47,0.27,0,0,0,1,2,0,2780
0.47,0.28,0,0,0,1,2,0,2720
0.47,0.29,1,1,0,1,2,6,2780
0.47,0.3,1,1,0,1,2,12,2940
0.47,0.31,1,1,0,1,2,12,2820
0.47,0.32,1,1,0,1,2,13,2760
0.47,0.33,1,1,0,1,2,12,3000
0.47,0.34,1,1,0,1,2,7,2900
0.47,0.35,1,1,0,1,2,14,2800
0.47,0.36,1,1,0,1,2,8,2860
0.47,0.37,1,1,0,1,2,10,2780
0.47,0.38,1,1,0,1,2,10,2920
0.47,0.39,1,1,0,1,2,11,2920
0.47,0.4,1,1,0,1,2,11,2840
0.47,0.41,1,1,0,1,2,13,2780
0.47,0.42,1,1,1,1,2,14,2840
0.47,0.43,1,1,1,1,2,14,2700
0.47,0.44,1,1,1,1,2,14,2800
0.47,0.45,1,1,1,1,2,16,2940
0.47,0.46,1,1,1,1,2,16,2860
0.47,0.47,1,1,1,1,2,17,2860
0.47,0.48,1,1,1,1,2,18,2820
0.47,0.49,1,1,1,1,2,19,2780
0.47,0.5,1,1,1,1,2,19,2680
0.48,0.0,0,0,3,0,3,0,4180
0.48,0.01,0,0,3,0,3,0,3960
0.48,0.02,0,0,3,0,3,0,4100
0.48,0.03,0,0,3,0,3,0,3860
0.48,0.04,0,0,3,0,3,0,3960
0.48,0.05,0,0,2,0,3,0,3960
0.48,0.06,0,0,2,0,3,0,3740
0.48,0.07,0,0,2,0,3,0,3900
0.48,0.08,0,0,2,0,3,0,3780
0.48,0.09,0,0,2,0,3,0,3740
0.48,0.1,0,0,2,0,3,0,3680
0.48,0.11,0,0,2,0,3,0,3660
0.48,0.12,0,0,1,0,3,0,3780
0.48,0.13,0,0,1,0,3,0,3580
0.48,0.14,0,0,1,0,3,0,3500
0.48,0.15,0,0,1,0,3,0,3360
0.48,0.16,0,0,1,0,3,0,3280
0.48,0.17,0,0,1,0,3,0,3300
0.48,0.18,0,0,1,0,3,0,3320
0.48,0.19,0,0,1,0,3,0,3060
0.48,0.2,0,0,1,0,3,0,3180
0.48,0.21,0,0,1,0,3,0,3140
0.48,0.22,1,1,0,1,2,5,2980
0.48,0.23,0,0,1,0,3,0,3020
0.48,0.24,1,1,0,1,2,7,2900
0.48,0.25,1,1,0,1,2,8,3040
0.48,0.26,0,0,0,1,2,0,2840
0.48,0.27,0,0,0,1,2,0,2800
0.48,0.28,0,0,0,1,2,0,2720
0.48,0.29,1,1,0,1,2,11,2800
0.48,0.3,1,1,0,1,2,12,2800
0.48,0.31,1,1,0,1,2,13,2800
0.48,0.32,1,1,0,1,2,6,2720
0.48,0.33,1,1,0,1,2,14,2820
0.48,0.34,1,1,0,1,2,12,2760
0.48,0.35,1,1,0,1,2,15,2740
0.48,0.36,1,1,0,1,2,14,2720
0.48,0.37,1,1,0,1,2,10,2880
0.48,0.38,1,1,0,1,2,15,2840
0.48,0.39,1,1,0,1,2,11,2720
0.48,0.4,1,1,0,1,2,12,2760
0.48,0.41,1,1,0,1,2,12,2740
0.48,0.42,1,1,1,1,2,14,2940
0.48,0.43,1,1,1,1,2,14,2780
0.48,0.44,1,1,1,1,2,15,2780
0.48,0.45,1,1,1,1,2,16,2820
0.48,0.46,1,1,1,1,2,17,2760
0.48,0.47,1,1,1,1,2,18,2920
0.48,0.48,1,1,1,1,2,18,2840
0.48,0.49,1,1,1,1,2,19,2840
0.48,0.5,1,1,1,1,2,20,2940
0.49,0.0,0,0,3,0,3,0,4180
0.49,0.01,0,0,3,0,3,0,3960
0.49,0.02,0,0,3,0,3,0,4100
0.49,0.03,0,0,3,0,3,0,3860
0.49,0.04,0,0,3,0,3,0,3960
0.49,0.05,0,0,2,0,3,0,3960
0.49,0.06,0,0,2,0,3,0,3740
0.49,0.07,0,0,2,0,3,0,3900
0.49,0.08,0,0,2,0,3,0,3780
0.49,0.09,0,0,2,0,3,0,3740
0.49,0.1,0,0,2,0,3,0,3680
0.49,0.11,0,0,2,0,3,0,3660
0.49,0.12,0,0,1,0,3,0,3780
0.49,0.13,0,0,1,0,3,0,3580
0.49,0.14,0,0,1,0,3,0,3500
0.49,0.15,0,0,1,0,3,0,3360
0.49,0.16,0,0,1,0,3,0,3280
0.49,0.17,0,0,1,0,3,0,3300
0.49,0.18,0,0,1,0,3,0,3320
0.49,0.19,0,0,1,0,3,0,3060
0.49,0.2,0,0,1,0,3,0,3180
0.49,0.21,0,0,1,0,3,0,3140
0.49,0.22,1,1,0,1,2,5,2980
0.49,0.23,0,0,1,0,3,0,3020
0.49,0.24,1,1,0,1,2,7,2900
0.49,0.25,1,1,0,1,2,8,3040
0.49,0.26,0,0,0,1,2,0,2840
0.49,0.27,1,1,0,1,2,9,2800
0.49,0.28,0,0,0,1,2,0,2680
0.49,0.29,1,1,0,1,2,12,2840
0.49,0.3,0,0,0,1,2,0,2880
0.49,0.31,1,1,0,1,2,12,2860
0.49,0.32,1,1,0,1,2,14,2760
0.49,0.33,1,1,0,1,2,6,2780
0.49,0.34,1,1,0,1,2,15,2920
0.49,0.35,1,1,0,1,2,15,2740
0.49,0.36,1,1,0,1,2,7,2800
0.49,0.37,1,1,0,1,2,10,2900
0.49,0.38,1,1,1,1,2,16,2780
0.49,0.39,1,1,1,1,2,17,2940
0.49,0.4,1,1,1,1,2,17,2860
0.49,0.41,1,1,0,1,2,12,2760
0.49,0.42,1,1,1,1,2,13,2780
0.49,0.43,1,1,1,1,2,13,2720
0.49,0.44,1,1,1,1,2,15,2760
0.49,0.45,1,1,1,1,2,16,2720
0.49,0.46,1,1,1,1,2,16,2760
0.49,0.47,1,1,1,1,2,17,2640
0.49,0.48,1,1,1,1,2,18,2780
0.49,0.49,1,1,1,1,2,19,2820
0.49,0.5,1,1,1,1,2,20,3040
0.5,0.0,0,0,3,0,3,0,4180
0.5,0.01,0,0,3,0,3,0,3960
0.5,0.02,0,0,3,0,3,0,4100
0.5,0.03,0,0,3,0,3,0,3860
0.5,0.04,0,0,3,0,3,0,3960
0.5,0.05,0,0,2,0,3,0,3960
0.5,0.06,0,0,2,0,3,0,3740
0.5,0.07,0,0,2,0,3,0,3900
0.5,0.08,0,0,2,0,3,0,3780
0.5,0.09,0,0,2,0,3,0,3740
0.5,0.1,0,0,2,0,3,0,3680
0.5,0.11,0,0,2,0,3,0,3660
0.5,0.12,0,0,1,0,3,0,3780
0.5,0.13,0,0,1,0,3,0,3580
0.5,0.14,0,0,1,0,3,0,3500
0.5,0.15,0,0,1,0,3,0,3360
0.5,0.16,0,0,1,0,3,0,3280
0.5,0.17,0,0,1,0,3,0,3300
0.5,0.18,0,0,1,0,3,0,3320
0.5,0.19,0,0,1,0,3,0,3060
0.5,0.2,0,0,1,0,3,0,3180
0.5,0.21,0,0,1,0,3,0,3140
0.5,0.22,1,1,0,1,2,5,2980
0.5,0.23,0,0,1,0,3,0,3020
0.5,0.24,1,1,0,1,2,7,2900
0.5,0.25,1,1,0,1,2,8,3040
0.5,0.26,0,0,0,1,2,0,2840
0.5,0.27,1,1,0,1,2,9,2800
0.5,0.28,0,0,0,1,2,0,2680
0.5,0.29,1,1,0,1,2,12,2840
0.5,0.3,0,0,0,1,2,0,2880
0.5,0.31,0,0,0,1,2,0,2920
0.5,0.32,1,1,0,1,2,6,2780
0.5,0.33,1,1,0,1,2,12,2860
0.5,0.34,1,1,0,1,2,16,2820
0.5,0.35,1,1,0,1,2,8,2820
0.5,0.36,1,1,1,1,2,16,2820
0.5,0.37,1,1,0,1,2,8,2900
0.5,0.38,1,1,1,1,2,17,2860
0.5,0.39,1,1,0,1,2,11,2760
0.5,0.4,1,1,0,1,2,11,2960
0.5,0.41,1,1,1,1,2,13,2820
0.5,0.42,1,1,1,1,2,20,2880
0.5,0.43,1,1,1,1,2,13,2780
0.5,0.44,1,1,1,1,2,15,2720
0.5,0.45,1,1,1,1,2,15,2820
0.5,0.46,1,1,1,1,2,16,2860
0.5,0.47,1,1,1,1,2,15,2920
0.5,0.48,1,1,1,1,2,19,2820
0.5,0.49,1,1,1,1,2,18,2700
0.5,0.5,1,1,1,1,2,20,2680
