imb_vector,tier,pms_over,pms_under,pms_unused,pms_used,pms_over_degree,min_cut
"0.00, 0.00",0,0,0,3,3,0,2030
"0.00, 0.01",0,0,0,3,3,0,1220
"0.00, 0.02",0,0,0,3,3,0,1640
"0.00, 0.03",0,0,0,3,3,0,1280
"0.00, 0.04",0,0,0,3,3,0,880
"0.00, 0.05",0,0,0,3,3,0,1590
"0.00, 0.06",0,0,1,3,3,0,1220
"0.00, 0.07",0,0,0,3,3,0,880
"0.00, 0.08",0,0,0,3,3,0,1280
"0.00, 0.09",0,0,0,3,3,0,790
"0.00, 0.10",0,0,1,3,3,0,960
"0.00, 0.11",0,0,0,3,3,0,880
"0.00, 0.12",0,0,0,3,3,0,1180
"0.00, 0.13",0,0,1,3,3,0,1060
"0.00, 0.14",0,0,0,3,3,0,1360
"0.00, 0.15",0,0,1,3,3,0,1360
"0.00, 0.16",0,0,0,3,3,0,1020
"0.00, 0.17",0,0,0,3,3,0,880
"0.00, 0.18",0,0,1,3,3,0,900
"0.00, 0.19",0,0,1,3,3,0,1020
"0.00, 0.20",0,0,1,3,3,0,1150
"0.00, 0.21",0,0,0,3,3,0,1140
"0.00, 0.22",0,0,1,3,3,0,1140
"0.00, 0.23",0,0,1,3,3,0,1320
"0.00, 0.24",0,0,1,3,3,0,1020
"0.00, 0.25",0,0,1,3,3,0,1160
"0.00, 0.26",0,0,1,3,3,0,1020
"0.00, 0.27",1,1,0,3,3,7,1170
"0.00, 0.28",1,1,1,3,3,6,940
"0.00, 0.29",0,0,0,3,3,0,910
"0.00, 0.30",1,1,1,3,3,5,990
"0.00, 0.31",0,0,1,3,3,0,960
"0.00, 0.32",0,0,1,3,3,0,2190
"0.00, 0.33",0,0,1,3,3,0,1020
"0.00, 0.34",0,0,1,3,3,0,1160
"0.00, 0.35",0,0,1,3,3,0,1160
"0.00, 0.36",0,0,1,3,3,0,1160
"0.00, 0.37",0,0,1,3,3,0,1160
"0.00, 0.38",0,0,1,3,3,0,1160
"0.00, 0.39",0,0,1,3,3,0,1160
"0.00, 0.40",0,0,0,3,3,0,880
"0.01, 0.00",0,0,0,3,3,0,1410
"0.01, 0.01",0,0,0,3,3,0,1030
"0.01, 0.02",0,0,0,3,3,0,910
"0.01, 0.03",0,0,1,3,3,0,800
"0.01, 0.04",0,0,1,3,3,0,800
"0.01, 0.05",0,0,1,3,3,0,950
"0.01, 0.06",0,0,1,3,3,0,800
"0.01, 0.07",0,0,1,3,3,0,930
"0.01, 0.08",0,0,1,3,3,0,930
"0.01, 0.09",0,0,1,3,3,0,800
"0.01, 0.10",0,0,1,3,3,0,800
"0.01, 0.11",0,0,1,3,3,0,990
"0.01, 0.12",0,0,1,3,3,0,970
"0.01, 0.13",0,0,1,3,3,0,970
"0.01, 0.14",0,0,1,3,3,0,970
"0.01, 0.15",0,0,1,3,3,0,800
"0.01, 0.16",0,0,1,3,3,0,800
"0.01, 0.17",0,0,1,3,3,0,970
"0.01, 0.18",0,0,1,3,3,0,990
"0.01, 0.19",0,0,1,3,3,0,970
"0.01, 0.20",1,1,1,3,3,7,1040
"0.01, 0.21",0,0,1,3,3,0,900
"0.01, 0.22",0,0,1,3,3,0,950
"0.01, 0.23",0,0,1,3,3,0,970
"0.01, 0.24",0,0,1,3,3,0,990
"0.01, 0.25",0,0,1,3,3,0,970
"0.01, 0.26",0,0,1,3,3,0,970
"0.01, 0.27",0,0,1,3,3,0,900
"0.01, 0.28",0,0,1,3,3,0,970
"0.01, 0.29",0,0,1,3,3,0,970
"0.01, 0.30",0,0,1,3,3,0,890
"0.01, 0.31",0,0,1,3,3,0,970
"0.01, 0.32",0,0,1,3,3,0,970
"0.01, 0.33",0,0,1,3,3,0,930
"0.01, 0.34",0,0,1,3,3,0,960
"0.01, 0.35",0,0,1,3,3,0,970
"0.01, 0.36",0,0,1,3,3,0,800
"0.01, 0.37",0,0,1,3,3,0,950
"0.01, 0.38",0,0,1,3,3,0,970
"0.01, 0.39",0,0,1,3,3,0,890
"0.01, 0.40",0,0,1,3,3,0,890
"0.02, 0.00",0,0,0,3,3,0,1130
"0.02, 0.01",0,0,0,3,3,0,1150
"0.02, 0.02",0,0,0,3,3,0,830
"0.02, 0.03",0,0,1,3,3,0,820
"0.02, 0.04",0,0,1,3,3,0,770
"0.02, 0.05",0,0,1,3,3,0,700
"0.02, 0.06",0,0,0,3,3,0,1000
"0.02, 0.07",0,0,1,3,3,0,1090
"0.02, 0.08",0,0,0,3,3,0,860
"0.02, 0.09",0,0,1,3,3,0,770
"0.02, 0.10",0,0,0,3,3,0,1040
"0.02, 0.11",0,0,0,3,3,0,920
"0.02, 0.12",0,0,0,3,3,0,1000
"0.02, 0.13",0,0,1,3,3,0,800
"0.02, 0.14",0,0,1,3,3,0,770
"0.02, 0.15",0,0,1,3,3,0,940
"0.02, 0.16",0,0,1,3,3,0,1090
"0.02, 0.17",0,0,1,3,3,0,940
"0.02, 0.18",1,1,1,3,3,8,1030
"0.02, 0.19",1,1,1,3,3,8,1030
"0.02, 0.20",0,0,1,3,3,0,1100
"0.02, 0.21",0,0,1,3,3,0,800
"0.02, 0.22",0,0,1,3,3,0,800
"0.02, 0.23",0,0,1,3,3,0,940
"0.02, 0.24",1,1,1,3,3,5,930
"0.02, 0.25",0,0,0,3,3,0,1000
"0.02, 0.26",0,0,0,3,3,0,1000
"0.02, 0.27",0,0,1,3,3,0,940
"0.02, 0.28",0,0,1,3,3,0,800
"0.02, 0.29",0,0,1,3,3,0,800
"0.02, 0.30",0,0,1,3,3,0,800
"0.02, 0.31",0,0,1,3,3,0,940
"0.02, 0.32",0,0,1,3,3,0,800
"0.02, 0.33",0,0,1,3,3,0,940
"0.02, 0.34",0,0,1,3,3,0,940
"0.02, 0.35",0,0,1,3,3,0,800
"0.02, 0.36",0,0,1,3,3,0,940
"0.02, 0.37",0,0,1,3,3,0,940
"0.02, 0.38",0,0,1,3,3,0,940
"0.02, 0.39",0,0,1,3,3,0,940
"0.02, 0.40",0,0,0,3,3,0,1000
"0.03, 0.00",0,0,0,3,3,0,1150
"0.03, 0.01",0,0,0,3,3,0,1100
"0.03, 0.02",0,0,0,3,3,0,820
"0.03, 0.03",0,0,0,3,3,0,870
"0.03, 0.04",0,0,0,3,3,0,650
"0.03, 0.05",0,0,0,3,3,0,1110
"0.03, 0.06",0,0,0,3,3,0,1350
"0.03, 0.07",0,0,0,3,3,0,1260
"0.03, 0.08",0,0,0,3,3,0,1330
"0.03, 0.09",0,0,0,3,3,0,1330
"0.03, 0.10",0,0,0,3,3,0,1330
"0.03, 0.11",0,0,0,3,3,0,1330
"0.03, 0.12",0,0,0,3,3,0,1330
"0.03, 0.13",0,0,0,3,3,0,1260
"0.03, 0.14",0,0,0,3,3,0,1260
"0.03, 0.15",0,0,0,3,3,0,1260
"0.03, 0.16",0,0,0,3,3,0,1330
"0.03, 0.17",0,0,0,3,3,0,1330
"0.03, 0.18",0,0,0,3,3,0,1330
"0.03, 0.19",0,0,0,3,3,0,1330
"0.03, 0.20",0,0,0,3,3,0,1260
"0.03, 0.21",0,0,0,3,3,0,1300
"0.03, 0.22",0,0,0,3,3,0,1330
"0.03, 0.23",0,0,0,3,3,0,1320
"0.03, 0.24",0,0,0,3,3,0,1330
"0.03, 0.25",0,0,0,3,3,0,1330
"0.03, 0.26",0,0,0,3,3,0,1330
"0.03, 0.27",0,0,0,3,3,0,1260
"0.03, 0.28",0,0,0,3,3,0,1330
"0.03, 0.29",0,0,0,3,3,0,1300
"0.03, 0.30",0,0,0,3,3,0,1260
"0.03, 0.31",0,0,0,3,3,0,1260
"0.03, 0.32",0,0,0,3,3,0,1260
"0.03, 0.33",0,0,0,3,3,0,1330
"0.03, 0.34",0,0,0,3,3,0,1300
"0.03, 0.35",0,0,0,3,3,0,1260
"0.03, 0.36",0,0,0,3,3,0,1330
"0.03, 0.37",0,0,0,3,3,0,1330
"0.03, 0.38",0,0,0,3,3,0,1300
"0.03, 0.39",0,0,0,3,3,0,1330
"0.03, 0.40",0,0,0,3,3,0,1330
"0.04, 0.00",0,0,0,3,3,0,1140
"0.04, 0.01",0,0,0,3,3,0,900
"0.04, 0.02",0,0,0,3,3,0,1110
"0.04, 0.03",0,0,0,3,3,0,830
"0.04, 0.04",0,0,0,3,3,0,1110
"0.04, 0.05",0,0,0,3,3,0,1200
"0.04, 0.06",0,0,1,3,3,0,690
"0.04, 0.07",0,0,0,3,3,0,1200
"0.04, 0.08",0,0,1,3,3,0,690
"0.04, 0.09",0,0,0,3,3,0,1200
"0.04, 0.10",0,0,0,3,3,0,1200
"0.04, 0.11",0,0,0,3,3,0,1200
"0.04, 0.12",0,0,1,3,3,0,690
"0.04, 0.13",0,0,0,3,3,0,1200
"0.04, 0.14",0,0,1,3,3,0,690
"0.04, 0.15",0,0,1,3,3,0,690
"0.04, 0.16",0,0,1,3,3,0,690
"0.04, 0.17",0,0,1,3,3,0,690
"0.04, 0.18",0,0,1,3,3,0,690
"0.04, 0.19",0,0,1,3,3,0,690
"0.04, 0.20",0,0,1,3,3,0,690
"0.04, 0.21",0,0,1,3,3,0,690
"0.04, 0.22",0,0,1,3,3,0,690
"0.04, 0.23",0,0,0,3,3,0,1200
"0.04, 0.24",0,0,0,3,3,0,1200
"0.04, 0.25",0,0,1,3,3,0,690
"0.04, 0.26",0,0,1,3,3,0,690
"0.04, 0.27",0,0,0,3,3,0,1200
"0.04, 0.28",0,0,0,3,3,0,1200
"0.04, 0.29",0,0,1,3,3,0,690
"0.04, 0.30",0,0,0,3,3,0,1200
"0.04, 0.31",0,0,1,3,3,0,690
"0.04, 0.32",0,0,0,3,3,0,1200
"0.04, 0.33",0,0,0,3,3,0,1200
"0.04, 0.34",0,0,0,3,3,0,1200
"0.04, 0.35",0,0,0,3,3,0,1200
"0.04, 0.36",0,0,0,3,3,0,1200
"0.04, 0.37",0,0,1,3,3,0,690
"0.04, 0.38",0,0,0,3,3,0,1200
"0.04, 0.39",0,0,0,3,3,0,1200
"0.04, 0.40",0,0,1,3,3,0,690
"0.05, 0.00",0,0,0,3,3,0,1250
"0.05, 0.01",0,0,0,3,3,0,840
"0.05, 0.02",0,0,0,3,3,0,1100
"0.05, 0.03",0,0,0,3,3,0,1390
"0.05, 0.04",0,0,1,3,3,0,770
"0.05, 0.05",0,0,1,3,3,0,760
"0.05, 0.06",0,0,1,3,3,0,680
"0.05, 0.07",0,0,1,3,3,0,760
"0.05, 0.08",0,0,1,3,3,0,680
"0.05, 0.09",0,0,1,3,3,0,760
"0.05, 0.10",0,0,1,3,3,0,680
"0.05, 0.11",0,0,1,3,3,0,680
"0.05, 0.12",0,0,1,3,3,0,680
"0.05, 0.13",0,0,1,3,3,0,760
"0.05, 0.14",0,0,1,3,3,0,760
"0.05, 0.15",0,0,1,3,3,0,760
"0.05, 0.16",0,0,1,3,3,0,680
"0.05, 0.17",0,0,1,3,3,0,680
"0.05, 0.18",0,0,1,3,3,0,680
"0.05, 0.19",0,0,1,3,3,0,720
"0.05, 0.20",0,0,1,3,3,0,760
"0.05, 0.21",0,0,1,3,3,0,760
"0.05, 0.22",0,0,1,3,3,0,680
"0.05, 0.23",0,0,1,3,3,0,680
"0.05, 0.24",0,0,1,3,3,0,760
"0.05, 0.25",0,0,1,3,3,0,680
"0.05, 0.26",0,0,1,3,3,0,680
"0.05, 0.27",0,0,1,3,3,0,720
"0.05, 0.28",0,0,1,3,3,0,720
"0.05, 0.29",0,0,1,3,3,0,720
"0.05, 0.30",0,0,1,3,3,0,680
"0.05, 0.31",0,0,1,3,3,0,720
"0.05, 0.32",0,0,1,3,3,0,720
"0.05, 0.33",0,0,1,3,3,0,680
"0.05, 0.34",0,0,1,3,3,0,760
"0.05, 0.35",0,0,1,3,3,0,720
"0.05, 0.36",0,0,1,3,3,0,680
"0.05, 0.37",0,0,1,3,3,0,720
"0.05, 0.38",0,0,1,3,3,0,760
"0.05, 0.39",0,0,1,3,3,0,680
"0.05, 0.40",0,0,1,3,3,0,760
"0.06, 0.00",0,0,0,3,3,0,1370
"0.06, 0.01",0,0,0,3,3,0,1190
"0.06, 0.02",0,0,0,3,3,0,760
"0.06, 0.03",0,0,0,3,3,0,860
"0.06, 0.04",0,0,0,3,3,0,1130
"0.06, 0.05",0,0,0,3,3,0,1010
"0.06, 0.06",0,0,1,3,3,0,790
"0.06, 0.07",0,0,1,3,3,0,750
"0.06, 0.08",0,0,1,3,3,0,750
"0.06, 0.09",0,0,1,3,3,0,750
"0.06, 0.10",0,0,1,3,3,0,750
"0.06, 0.11",0,0,1,3,3,0,690
"0.06, 0.12",0,0,1,3,3,0,690
"0.06, 0.13",0,0,1,3,3,0,750
"0.06, 0.14",0,0,1,3,3,0,750
"0.06, 0.15",0,0,1,3,3,0,690
"0.06, 0.16",0,0,1,3,3,0,690
"0.06, 0.17",0,0,0,3,3,0,700
"0.06, 0.18",0,0,1,3,3,0,750
"0.06, 0.19",0,0,1,3,3,0,750
"0.06, 0.20",0,0,1,3,3,0,750
"0.06, 0.21",0,0,1,3,3,0,750
"0.06, 0.22",0,0,1,3,3,0,750
"0.06, 0.23",0,0,1,3,3,0,750
"0.06, 0.24",0,0,1,3,3,0,690
"0.06, 0.25",0,0,1,3,3,0,690
"0.06, 0.26",0,0,1,3,3,0,750
"0.06, 0.27",0,0,1,3,3,0,750
"0.06, 0.28",0,0,1,3,3,0,750
"0.06, 0.29",0,0,1,3,3,0,750
"0.06, 0.30",0,0,1,3,3,0,690
"0.06, 0.31",0,0,1,3,3,0,690
"0.06, 0.32",0,0,1,3,3,0,690
"0.06, 0.33",0,0,1,3,3,0,690
"0.06, 0.34",0,0,1,3,3,0,690
"0.06, 0.35",0,0,0,3,3,0,700
"0.06, 0.36",0,0,1,3,3,0,750
"0.06, 0.37",0,0,1,3,3,0,680
"0.06, 0.38",0,0,1,3,3,0,750
"0.06, 0.39",0,0,1,3,3,0,750
"0.06, 0.40",0,0,0,3,3,0,680
"0.07, 0.00",0,0,0,3,3,0,1300
"0.07, 0.01",0,0,0,3,3,0,840
"0.07, 0.02",0,0,0,3,3,0,870
"0.07, 0.03",0,0,0,3,3,0,790
"0.07, 0.04",0,0,1,3,3,0,810
"0.07, 0.05",0,0,1,3,3,0,770
"0.07, 0.06",0,0,1,3,3,0,720
"0.07, 0.07",0,0,1,3,3,0,670
"0.07, 0.08",0,0,1,3,3,0,680
"0.07, 0.09",0,0,0,3,3,0,680
"0.07, 0.10",0,0,1,3,3,0,660
"0.07, 0.11",0,0,1,3,3,0,670
"0.07, 0.12",0,0,1,3,3,0,670
"0.07, 0.13",0,0,1,3,3,0,660
"0.07, 0.14",0,0,1,3,3,0,950
"0.07, 0.15",0,0,0,3,3,0,680
"0.07, 0.16",0,0,1,3,3,0,670
"0.07, 0.17",0,0,1,3,3,0,660
"0.07, 0.18",0,0,0,3,3,0,680
"0.07, 0.19",0,0,1,3,3,0,670
"0.07, 0.20",0,0,1,3,3,0,670
"0.07, 0.21",0,0,1,3,3,0,660
"0.07, 0.22",0,0,1,3,3,0,620
"0.07, 0.23",0,0,0,3,3,0,680
"0.07, 0.24",0,0,0,3,3,0,680
"0.07, 0.25",0,0,0,3,3,0,680
"0.07, 0.26",0,0,1,3,3,0,670
"0.07, 0.27",0,0,1,3,3,0,670
"0.07, 0.28",0,0,1,3,3,0,660
"0.07, 0.29",0,0,1,3,3,0,670
"0.07, 0.30",0,0,0,3,3,0,680
"0.07, 0.31",0,0,1,3,3,0,660
"0.07, 0.32",0,0,1,3,3,0,660
"0.07, 0.33",0,0,0,3,3,0,680
"0.07, 0.34",0,0,1,3,3,0,660
"0.07, 0.35",0,0,0,3,3,0,680
"0.07, 0.36",0,0,1,3,3,0,660
"0.07, 0.37",0,0,1,3,3,0,660
"0.07, 0.38",0,0,1,3,3,0,670
"0.07, 0.39",1,1,1,3,3,18,1160
"0.07, 0.40",0,0,1,3,3,0,660
"0.08, 0.00",0,0,0,3,3,0,1200
"0.08, 0.01",0,0,0,3,3,0,910
"0.08, 0.02",0,0,0,3,3,0,950
"0.08, 0.03",0,0,0,3,3,0,730
"0.08, 0.04",0,0,1,3,3,0,1790
"0.08, 0.05",0,0,1,3,3,0,650
"0.08, 0.06",0,0,1,3,3,0,700
"0.08, 0.07",0,0,1,3,3,0,640
"0.08, 0.08",0,0,1,3,3,0,650
"0.08, 0.09",0,0,1,3,3,0,600
"0.08, 0.10",0,0,1,3,3,0,600
"0.08, 0.11",0,0,1,3,3,0,640
"0.08, 0.12",0,0,1,3,3,0,600
"0.08, 0.13",0,0,1,3,3,0,640
"0.08, 0.14",0,0,1,3,3,0,600
"0.08, 0.15",0,0,1,3,3,0,600
"0.08, 0.16",0,0,1,3,3,0,600
"0.08, 0.17",0,0,1,3,3,0,600
"0.08, 0.18",0,0,1,3,3,0,600
"0.08, 0.19",0,0,1,3,3,0,600
"0.08, 0.20",0,0,1,3,3,0,600
"0.08, 0.21",0,0,1,3,3,0,600
"0.08, 0.22",0,0,1,3,3,0,600
"0.08, 0.23",0,0,1,3,3,0,600
"0.08, 0.24",0,0,1,3,3,0,600
"0.08, 0.25",0,0,1,3,3,0,600
"0.08, 0.26",0,0,1,3,3,0,600
"0.08, 0.27",0,0,1,3,3,0,600
"0.08, 0.28",0,0,1,3,3,0,600
"0.08, 0.29",0,0,1,3,3,0,600
"0.08, 0.30",0,0,1,3,3,0,600
"0.08, 0.31",0,0,1,3,3,0,600
"0.08, 0.32",0,0,1,3,3,0,600
"0.08, 0.33",0,0,1,3,3,0,600
"0.08, 0.34",0,0,1,3,3,0,600
"0.08, 0.35",0,0,1,3,3,0,600
"0.08, 0.36",0,0,1,3,3,0,600
"0.08, 0.37",0,0,1,3,3,0,600
"0.08, 0.38",0,0,1,3,3,0,600
"0.08, 0.39",0,0,1,3,3,0,600
"0.08, 0.40",0,0,1,3,3,0,600
"0.09, 0.00",0,0,0,3,3,0,940
"0.09, 0.01",0,0,0,3,3,0,840
"0.09, 0.02",0,0,0,3,3,0,860
"0.09, 0.03",0,0,0,3,3,0,910
"0.09, 0.04",0,0,0,3,3,0,1670
"0.09, 0.05",0,0,1,3,3,0,630
"0.09, 0.06",0,0,1,3,3,0,630
"0.09, 0.07",0,0,1,3,3,0,670
"0.09, 0.08",0,0,1,3,3,0,600
"0.09, 0.09",0,0,1,3,3,0,630
"0.09, 0.10",0,0,1,3,3,0,670
"0.09, 0.11",0,0,1,3,3,0,580
"0.09, 0.12",0,0,1,3,3,0,580
"0.09, 0.13",0,0,1,3,3,0,580
"0.09, 0.14",0,0,1,3,3,0,580
"0.09, 0.15",0,0,1,3,3,0,580
"0.09, 0.16",0,0,1,3,3,0,580
"0.09, 0.17",0,0,1,3,3,0,580
"0.09, 0.18",0,0,1,3,3,0,580
"0.09, 0.19",0,0,1,3,3,0,580
"0.09, 0.20",0,0,1,3,3,0,580
"0.09, 0.21",0,0,1,3,3,0,580
"0.09, 0.22",0,0,1,3,3,0,580
"0.09, 0.23",0,0,1,3,3,0,580
"0.09, 0.24",0,0,1,3,3,0,580
"0.09, 0.25",0,0,1,3,3,0,580
"0.09, 0.26",0,0,1,3,3,0,580
"0.09, 0.27",0,0,1,3,3,0,580
"0.09, 0.28",0,0,1,3,3,0,580
"0.09, 0.29",0,0,1,3,3,0,580
"0.09, 0.30",0,0,1,3,3,0,580
"0.09, 0.31",0,0,1,3,3,0,580
"0.09, 0.32",0,0,1,3,3,0,580
"0.09, 0.33",0,0,1,3,3,0,580
"0.09, 0.34",0,0,1,3,3,0,580
"0.09, 0.35",0,0,1,3,3,0,580
"0.09, 0.36",0,0,1,3,3,0,580
"0.09, 0.37",0,0,1,3,3,0,580
"0.09, 0.38",0,0,1,3,3,0,580
"0.09, 0.39",0,0,1,3,3,0,580
"0.09, 0.40",0,0,1,3,3,0,580
"0.10, 0.00",0,0,0,3,3,0,950
"0.10, 0.01",0,0,0,3,3,0,930
"0.10, 0.02",0,0,0,3,3,0,960
"0.10, 0.03",0,0,0,3,3,0,870
"0.10, 0.04",0,0,1,3,3,0,740
"0.10, 0.05",0,0,1,3,3,0,630
"0.10, 0.06",0,0,0,3,3,0,790
"0.10, 0.07",0,0,0,3,3,0,960
"0.10, 0.08",0,0,1,3,3,0,600
"0.10, 0.09",0,0,0,3,3,0,1080
"0.10, 0.10",0,0,1,3,3,0,600
"0.10, 0.11",0,0,1,3,3,0,1020
"0.10, 0.12",1,1,1,3,3,5,1020
"0.10, 0.13",1,1,1,3,3,7,770
"0.10, 0.14",0,0,1,3,3,0,600
"0.10, 0.15",1,1,1,3,3,5,580
"0.10, 0.16",0,0,1,3,3,0,780
"0.10, 0.17",0,0,1,3,3,0,580
"0.10, 0.18",1,1,1,3,3,5,780
"0.10, 0.19",1,1,1,3,3,5,580
"0.10, 0.20",0,0,1,3,3,0,580
"0.10, 0.21",1,1,1,3,3,5,580
"0.10, 0.22",0,0,1,3,3,0,580
"0.10, 0.23",1,1,1,3,3,5,580
"0.10, 0.24",0,0,1,3,3,0,580
"0.10, 0.25",1,1,1,3,3,5,580
"0.10, 0.26",0,0,1,3,3,0,830
"0.10, 0.27",0,0,1,3,3,0,580
"0.10, 0.28",0,0,1,3,3,0,580
"0.10, 0.29",0,0,1,3,3,0,830
"0.10, 0.30",1,1,1,3,3,5,1040
"0.10, 0.31",1,1,1,3,3,5,580
"0.10, 0.32",1,1,1,3,3,5,580
"0.10, 0.33",0,0,1,3,3,0,830
"0.10, 0.34",0,0,1,3,3,0,580
"0.10, 0.35",0,0,1,3,3,0,580
"0.10, 0.36",0,0,1,3,3,0,580
"0.10, 0.37",1,1,1,3,3,5,580
"0.10, 0.38",0,0,1,3,3,0,780
"0.10, 0.39",0,0,1,3,3,0,580
"0.10, 0.40",1,1,1,3,3,5,580
"0.11, 0.00",0,0,0,3,3,0,950
"0.11, 0.01",0,0,0,3,3,0,890
"0.11, 0.02",0,0,0,3,3,0,850
"0.11, 0.03",0,0,0,3,3,0,890
"0.11, 0.04",0,0,0,3,3,0,870
"0.11, 0.05",0,0,1,3,3,0,630
"0.11, 0.06",0,0,0,3,3,0,680
"0.11, 0.07",0,0,0,3,3,0,970
"0.11, 0.08",0,0,1,3,3,0,850
"0.11, 0.09",1,1,1,3,3,5,930
"0.11, 0.10",1,1,1,3,3,6,590
"0.11, 0.11",1,1,1,3,3,5,820
"0.11, 0.12",1,1,1,3,3,5,820
"0.11, 0.13",1,1,1,3,3,5,820
"0.11, 0.14",1,1,1,3,3,6,770
"0.11, 0.15",1,1,1,3,3,5,820
"0.11, 0.16",1,1,1,3,3,5,820
"0.11, 0.17",1,1,1,3,3,6,770
"0.11, 0.18",1,1,1,3,3,7,770
"0.11, 0.19",1,1,1,3,3,7,770
"0.11, 0.20",1,1,1,3,3,5,580
"0.11, 0.21",1,1,1,3,3,5,580
"0.11, 0.22",0,0,1,3,3,0,580
"0.11, 0.23",1,1,1,3,3,6,770
"0.11, 0.24",1,1,1,3,3,6,770
"0.11, 0.25",1,1,1,3,3,6,770
"0.11, 0.26",1,1,1,3,3,6,770
"0.11, 0.27",1,1,1,3,3,7,770
"0.11, 0.28",1,1,1,3,3,7,770
"0.11, 0.29",1,1,1,3,3,5,580
"0.11, 0.30",1,1,1,3,3,5,580
"0.11, 0.31",0,0,1,3,3,0,580
"0.11, 0.32",1,1,1,3,3,7,770
"0.11, 0.33",0,0,1,3,3,0,580
"0.11, 0.34",0,0,1,3,3,0,980
"0.11, 0.35",1,1,1,3,3,7,770
"0.11, 0.36",1,1,1,3,3,6,770
"0.11, 0.37",1,1,1,3,3,7,770
"0.11, 0.38",1,1,1,3,3,5,820
"0.11, 0.39",1,1,1,3,3,6,770
"0.11, 0.40",1,1,1,3,3,6,770
"0.12, 0.00",0,0,0,3,3,0,1020
"0.12, 0.01",0,0,0,3,3,0,890
"0.12, 0.02",0,0,0,3,3,0,910
"0.12, 0.03",0,0,0,3,3,0,870
"0.12, 0.04",0,0,0,3,3,0,870
"0.12, 0.05",0,0,0,3,3,0,830
"0.12, 0.06",0,0,0,3,3,0,680
"0.12, 0.07",0,0,1,3,3,0,870
"0.12, 0.08",0,0,1,3,3,0,850
"0.12, 0.09",0,0,1,3,3,0,890
"0.12, 0.10",1,1,1,3,3,5,930
"0.12, 0.11",1,1,1,3,3,7,690
"0.12, 0.12",1,1,1,3,3,5,870
"0.12, 0.13",1,1,1,3,3,5,750
"0.12, 0.14",0,0,1,3,3,0,870
"0.12, 0.15",0,0,1,3,3,0,870
"0.12, 0.16",0,0,1,3,3,0,870
"0.12, 0.17",0,0,1,3,3,0,870
"0.12, 0.18",1,1,1,3,3,5,870
"0.12, 0.19",0,0,1,3,3,0,870
"0.12, 0.20",0,0,1,3,3,0,870
"0.12, 0.21",0,0,1,3,3,0,870
"0.12, 0.22",0,0,1,3,3,0,870
"0.12, 0.23",0,0,1,3,3,0,870
"0.12, 0.24",0,0,1,3,3,0,930
"0.12, 0.25",0,0,1,3,3,0,930
"0.12, 0.26",0,0,1,3,3,0,870
"0.12, 0.27",0,0,1,3,3,0,870
"0.12, 0.28",0,0,1,3,3,0,930
"0.12, 0.29",1,1,1,3,3,5,870
"0.12, 0.30",0,0,1,3,3,0,870
"0.12, 0.31",0,0,1,3,3,0,930
"0.12, 0.32",0,0,1,3,3,0,870
"0.12, 0.33",0,0,1,3,3,0,870
"0.12, 0.34",0,0,1,3,3,0,930
"0.12, 0.35",1,1,1,3,3,5,870
"0.12, 0.36",0,0,1,3,3,0,870
"0.12, 0.37",0,0,1,3,3,0,870
"0.12, 0.38",0,0,1,3,3,0,870
"0.12, 0.39",0,0,1,3,3,0,870
"0.12, 0.40",0,0,1,3,3,0,870
"0.13, 0.00",0,0,0,3,3,0,1030
"0.13, 0.01",0,0,0,3,3,0,850
"0.13, 0.02",0,0,0,3,3,0,850
"0.13, 0.03",0,0,0,3,3,0,750
"0.13, 0.04",0,0,0,3,3,0,830
"0.13, 0.05",0,0,0,3,3,0,920
"0.13, 0.06",0,0,0,3,3,0,880
"0.13, 0.07",0,0,0,3,3,0,640
"0.13, 0.08",0,0,1,3,3,0,850
"0.13, 0.09",1,1,1,3,3,6,820
"0.13, 0.10",1,1,1,3,3,6,920
"0.13, 0.11",1,1,1,3,3,6,680
"0.13, 0.12",1,1,1,3,3,7,800
"0.13, 0.13",1,1,1,3,3,5,750
"0.13, 0.14",1,1,1,3,3,7,650
"0.13, 0.15",0,0,1,3,3,0,860
"0.13, 0.16",0,0,1,3,3,0,860
"0.13, 0.17",1,1,1,3,3,6,800
"0.13, 0.18",1,1,1,3,3,7,800
"0.13, 0.19",1,1,1,3,3,9,640
"0.13, 0.20",0,0,1,3,3,0,860
"0.13, 0.21",0,0,1,3,3,0,860
"0.13, 0.22",1,1,1,3,3,5,820
"0.13, 0.23",0,0,1,3,3,0,860
"0.13, 0.24",1,1,1,3,3,5,820
"0.13, 0.25",1,1,1,3,3,5,860
"0.13, 0.26",0,0,1,3,3,0,860
"0.13, 0.27",1,1,1,3,3,5,820
"0.13, 0.28",0,0,1,3,3,0,880
"0.13, 0.29",0,0,1,3,3,0,860
"0.13, 0.30",1,1,1,3,3,6,800
"0.13, 0.31",1,1,1,3,3,6,800
"0.13, 0.32",1,1,1,3,3,7,800
"0.13, 0.33",0,0,1,3,3,0,860
"0.13, 0.34",0,0,1,3,3,0,860
"0.13, 0.35",1,1,1,3,3,6,800
"0.13, 0.36",0,0,1,3,3,0,860
"0.13, 0.37",0,0,1,3,3,0,860
"0.13, 0.38",0,0,1,3,3,0,860
"0.13, 0.39",0,0,1,3,3,0,860
"0.13, 0.40",0,0,1,3,3,0,860
"0.14, 0.00",0,0,0,3,3,0,950
"0.14, 0.01",0,0,0,3,3,0,1000
"0.14, 0.02",0,0,0,3,3,0,770
"0.14, 0.03",0,0,0,3,3,0,830
"0.14, 0.04",0,0,0,3,3,0,850
"0.14, 0.05",0,0,0,3,3,0,700
"0.14, 0.06",0,0,0,3,3,0,810
"0.14, 0.07",0,0,0,3,3,0,640
"0.14, 0.08",0,0,1,3,3,0,750
"0.14, 0.09",1,1,1,3,3,7,650
"0.14, 0.10",1,1,1,3,3,5,900
"0.14, 0.11",1,1,1,3,3,6,780
"0.14, 0.12",1,1,1,3,3,5,780
"0.14, 0.13",1,1,1,3,3,6,780
"0.14, 0.14",1,1,1,3,3,6,680
"0.14, 0.15",1,1,1,3,3,6,780
"0.14, 0.16",1,1,1,3,3,9,640
"0.14, 0.17",1,1,1,3,3,5,780
"0.14, 0.18",1,1,1,3,3,8,720
"0.14, 0.19",1,1,1,3,3,10,640
"0.14, 0.20",1,1,1,3,3,10,640
"0.14, 0.21",1,1,1,3,3,5,780
"0.14, 0.22",1,1,1,3,3,8,720
"0.14, 0.23",1,1,1,3,3,6,780
"0.14, 0.24",1,1,1,3,3,5,780
"0.14, 0.25",1,1,1,3,3,5,580
"0.14, 0.26",1,1,1,3,3,5,800
"0.14, 0.27",1,1,1,3,3,6,680
"0.14, 0.28",1,1,1,3,3,5,780
"0.14, 0.29",1,1,1,3,3,5,780
"0.14, 0.30",1,1,1,3,3,7,660
"0.14, 0.31",1,1,1,3,3,6,780
"0.14, 0.32",1,1,1,3,3,7,660
"0.14, 0.33",1,1,1,3,3,6,780
"0.14, 0.34",1,1,1,3,3,8,720
"0.14, 0.35",1,1,1,3,3,6,780
"0.14, 0.36",1,1,1,3,3,6,780
"0.14, 0.37",1,1,1,3,3,7,660
"0.14, 0.38",1,1,1,3,3,6,780
"0.14, 0.39",1,1,1,3,3,6,780
"0.14, 0.40",1,1,1,3,3,6,780
"0.15, 0.00",0,0,0,3,3,0,1140
"0.15, 0.01",0,0,0,3,3,0,1000
"0.15, 0.02",0,0,0,3,3,0,850
"0.15, 0.03",0,0,0,3,3,0,830
"0.15, 0.04",0,0,0,3,3,0,720
"0.15, 0.05",0,0,0,3,3,0,720
"0.15, 0.06",0,0,0,3,3,0,790
"0.15, 0.07",0,0,0,3,3,0,640
"0.15, 0.08",0,0,1,3,3,0,750
"0.15, 0.09",1,1,1,3,3,8,650
"0.15, 0.10",1,1,1,3,3,7,810
"0.15, 0.11",1,1,1,3,3,8,660
"0.15, 0.12",1,1,1,3,3,5,670
"0.15, 0.13",1,1,1,3,3,8,670
"0.15, 0.14",1,1,1,3,3,9,650
"0.15, 0.15",1,1,1,3,3,7,710
"0.15, 0.16",1,1,1,3,3,7,710
"0.15, 0.17",1,1,1,3,3,8,650
"0.15, 0.18",1,1,1,3,3,10,650
"0.15, 0.19",1,1,1,3,3,9,650
"0.15, 0.20",1,1,1,3,3,9,670
"0.15, 0.21",1,1,1,3,3,9,650
"0.15, 0.22",1,1,1,3,3,9,670
"0.15, 0.23",1,1,1,3,3,7,710
"0.15, 0.24",1,1,1,3,3,7,710
"0.15, 0.25",1,1,1,3,3,8,670
"0.15, 0.26",1,1,1,3,3,7,710
"0.15, 0.27",1,1,1,3,3,7,710
"0.15, 0.28",1,1,1,3,3,8,670
"0.15, 0.29",1,1,1,3,3,7,710
"0.15, 0.30",1,1,1,3,3,7,710
"0.15, 0.31",1,1,1,3,3,8,670
"0.15, 0.32",1,1,1,3,3,9,650
"0.15, 0.33",1,1,1,3,3,8,670
"0.15, 0.34",1,1,1,3,3,8,650
"0.15, 0.35",1,1,1,3,3,9,650
"0.15, 0.36",1,1,1,3,3,7,710
"0.15, 0.37",1,1,1,3,3,5,580
"0.15, 0.38",1,1,1,3,3,9,650
"0.15, 0.39",1,1,1,3,3,9,650
"0.15, 0.40",1,1,1,3,3,9,650
"0.16, 0.00",0,0,0,3,3,0,960
"0.16, 0.01",0,0,0,3,3,0,950
"0.16, 0.02",0,0,0,3,3,0,850
"0.16, 0.03",0,0,0,3,3,0,780
"0.16, 0.04",0,0,1,3,3,0,640
"0.16, 0.05",0,0,0,3,3,0,830
"0.16, 0.06",0,0,0,3,3,0,1330
"0.16, 0.07",0,0,1,3,3,0,600
"0.16, 0.08",1,1,1,3,3,5,760
"0.16, 0.09",1,1,1,3,3,6,710
"0.16, 0.10",1,1,1,3,3,5,590
"0.16, 0.11",1,1,1,3,3,7,650
"0.16, 0.12",1,1,1,3,3,9,610
"0.16, 0.13",1,1,1,3,3,10,600
"0.16, 0.14",1,1,1,3,3,10,520
"0.16, 0.15",1,1,2,3,3,11,520
"0.16, 0.16",1,1,1,3,3,8,810
"0.16, 0.17",1,1,1,3,3,8,640
"0.16, 0.18",1,1,1,3,3,7,640
"0.16, 0.19",1,1,1,3,3,10,800
"0.16, 0.20",1,1,1,3,3,10,580
"0.16, 0.21",1,1,1,3,3,11,800
"0.16, 0.22",1,1,1,3,3,11,800
"0.16, 0.23",1,1,1,3,3,9,600
"0.16, 0.24",1,1,1,3,3,7,640
"0.16, 0.25",1,1,1,3,3,11,800
"0.16, 0.26",1,1,1,3,3,11,800
"0.16, 0.27",1,1,1,3,3,7,640
"0.16, 0.28",1,1,1,3,3,9,600
"0.16, 0.29",1,1,1,3,3,11,800
"0.16, 0.30",1,1,1,3,3,10,580
"0.16, 0.31",1,1,1,3,3,8,640
"0.16, 0.32",1,1,1,3,3,7,640
"0.16, 0.33",1,1,1,3,3,11,800
"0.16, 0.34",1,1,1,3,3,9,600
"0.16, 0.35",1,1,1,3,3,9,600
"0.16, 0.36",1,1,1,3,3,10,800
"0.16, 0.37",1,1,1,3,3,10,580
"0.16, 0.38",1,1,1,3,3,11,800
"0.16, 0.39",1,1,1,3,3,11,800
"0.16, 0.40",1,1,1,3,3,11,800
"0.17, 0.00",0,0,0,3,3,0,950
"0.17, 0.01",0,0,0,3,3,0,1010
"0.17, 0.02",0,0,0,3,3,0,850
"0.17, 0.03",0,0,0,3,3,0,1120
"0.17, 0.04",0,0,1,3,3,0,640
"0.17, 0.05",0,0,1,3,3,0,650
"0.17, 0.06",0,0,1,3,3,0,810
"0.17, 0.07",0,0,1,3,3,0,610
"0.17, 0.08",0,0,1,3,3,0,590
"0.17, 0.09",1,1,1,3,3,6,760
"0.17, 0.10",1,1,1,3,3,6,840
"0.17, 0.11",1,1,1,3,3,8,650
"0.17, 0.12",1,1,1,3,3,9,530
"0.17, 0.13",1,1,1,3,3,5,590
"0.17, 0.14",1,1,2,3,3,11,520
"0.17, 0.15",1,1,1,3,3,10,520
"0.17, 0.16",1,1,1,3,3,10,520
"0.17, 0.17",1,1,1,3,3,9,770
"0.17, 0.18",1,1,1,3,3,12,760
"0.17, 0.19",1,1,1,3,3,10,800
"0.17, 0.20",1,1,1,3,3,12,760
"0.17, 0.21",1,1,1,3,3,12,760
"0.17, 0.22",1,1,1,3,3,10,800
"0.17, 0.23",1,1,1,3,3,12,760
"0.17, 0.24",1,1,1,3,3,12,760
"0.17, 0.25",1,1,1,3,3,10,800
"0.17, 0.26",1,1,1,3,3,10,800
"0.17, 0.27",1,1,1,3,3,12,760
"0.17, 0.28",1,1,1,3,3,12,760
"0.17, 0.29",1,1,1,3,3,12,760
"0.17, 0.30",1,1,1,3,3,10,800
"0.17, 0.31",1,1,1,3,3,10,800
"0.17, 0.32",1,1,1,3,3,10,800
"0.17, 0.33",1,1,1,3,3,10,800
"0.17, 0.34",1,1,1,3,3,10,800
"0.17, 0.35",1,1,1,3,3,10,800
"0.17, 0.36",1,1,1,3,3,12,760
"0.17, 0.37",1,1,1,3,3,10,800
"0.17, 0.38",1,1,1,3,3,12,760
"0.17, 0.39",1,1,1,3,3,10,800
"0.17, 0.40",1,1,1,3,3,12,760
"0.18, 0.00",0,0,0,3,3,0,950
"0.18, 0.01",0,0,0,3,3,0,920
"0.18, 0.02",0,0,0,3,3,0,850
"0.18, 0.03",0,0,0,3,3,0,830
"0.18, 0.04",0,0,1,3,3,0,640
"0.18, 0.05",0,0,1,3,3,0,640
"0.18, 0.06",0,0,1,3,3,0,600
"0.18, 0.07",0,0,1,3,3,0,600
"0.18, 0.08",0,0,1,3,3,0,580
"0.18, 0.09",1,1,1,3,3,5,580
"0.18, 0.10",1,1,1,3,3,6,840
"0.18, 0.11",1,1,1,3,3,8,650
"0.18, 0.12",1,1,1,3,3,8,530
"0.18, 0.13",1,1,1,3,3,5,580
"0.18, 0.14",1,1,2,3,3,11,520
"0.18, 0.15",1,1,1,3,3,10,520
"0.18, 0.16",1,1,2,3,3,12,480
"0.18, 0.17",1,1,2,3,3,12,610
"0.18, 0.18",1,1,1,3,3,11,760
"0.18, 0.19",1,1,1,3,3,11,760
"0.18, 0.20",1,1,2,3,3,15,600
"0.18, 0.21",1,1,1,3,3,11,760
"0.18, 0.22",1,1,1,3,3,11,760
"0.18, 0.23",1,1,1,3,3,11,760
"0.18, 0.24",1,1,2,3,3,15,600
"0.18, 0.25",1,1,1,3,3,11,760
"0.18, 0.26",1,1,1,3,3,11,760
"0.18, 0.27",1,1,2,3,3,15,600
"0.18, 0.28",1,1,2,3,3,15,600
"0.18, 0.29",1,1,2,3,3,15,600
"0.18, 0.30",1,1,2,3,3,15,600
"0.18, 0.31",1,1,1,3,3,11,760
"0.18, 0.32",1,1,2,3,3,15,600
"0.18, 0.33",1,1,1,3,3,11,760
"0.18, 0.34",1,1,1,3,3,11,760
"0.18, 0.35",1,1,1,3,3,11,760
"0.18, 0.36",1,1,2,3,3,15,600
"0.18, 0.37",1,1,2,3,3,15,600
"0.18, 0.38",1,1,2,3,3,15,600
"0.18, 0.39",1,1,1,3,3,11,760
"0.18, 0.40",1,1,2,3,3,15,600
"0.19, 0.00",0,0,0,3,3,0,960
"0.19, 0.01",0,0,0,3,3,0,920
"0.19, 0.02",0,0,1,3,3,0,820
"0.19, 0.03",0,0,0,3,3,0,910
"0.19, 0.04",0,0,1,3,3,0,640
"0.19, 0.05",0,0,1,3,3,0,640
"0.19, 0.06",0,0,1,3,3,0,600
"0.19, 0.07",0,0,1,3,3,0,600
"0.19, 0.08",0,0,1,3,3,0,580
"0.19, 0.09",1,1,1,3,3,6,650
"0.19, 0.10",1,1,1,3,3,7,840
"0.19, 0.11",1,1,1,3,3,8,650
"0.19, 0.12",1,1,1,3,3,9,530
"0.19, 0.13",0,0,1,3,3,0,580
"0.19, 0.14",1,1,1,3,3,10,520
"0.19, 0.15",1,1,2,3,3,12,480
"0.19, 0.16",1,1,2,3,3,13,630
"0.19, 0.17",1,1,2,3,3,12,610
"0.19, 0.18",1,1,1,3,3,15,600
"0.19, 0.19",1,1,2,3,3,14,600
"0.19, 0.20",1,1,2,3,3,14,600
"0.19, 0.21",1,1,2,3,3,14,600
"0.19, 0.22",1,1,2,3,3,14,600
"0.19, 0.23",1,1,2,3,3,15,600
"0.19, 0.24",1,1,2,3,3,14,600
"0.19, 0.25",1,1,2,3,3,15,600
"0.19, 0.26",1,1,2,3,3,14,600
"0.19, 0.27",1,1,2,3,3,15,600
"0.19, 0.28",1,1,2,3,3,15,600
"0.19, 0.29",1,1,2,3,3,14,600
"0.19, 0.30",1,1,2,3,3,14,600
"0.19, 0.31",1,1,2,3,3,15,600
"0.19, 0.32",1,1,2,3,3,15,600
"0.19, 0.33",1,1,2,3,3,14,600
"0.19, 0.34",1,1,2,3,3,15,600
"0.19, 0.35",1,1,2,3,3,15,600
"0.19, 0.36",1,1,2,3,3,15,600
"0.19, 0.37",1,1,2,3,3,15,600
"0.19, 0.38",1,1,2,3,3,15,600
"0.19, 0.39",1,1,2,3,3,14,600
"0.19, 0.40",1,1,2,3,3,14,600
"0.20, 0.00",0,0,0,3,3,0,960
"0.20, 0.01",0,0,0,3,3,0,1010
"0.20, 0.02",0,0,0,3,3,0,850
"0.20, 0.03",0,0,0,3,3,0,770
"0.20, 0.04",0,0,1,3,3,0,640
"0.20, 0.05",0,0,1,3,3,0,640
"0.20, 0.06",0,0,1,3,3,0,600
"0.20, 0.07",0,0,1,3,3,0,600
"0.20, 0.08",0,0,1,3,3,0,580
"0.20, 0.09",1,1,1,3,3,5,750
"0.20, 0.10",1,1,1,3,3,7,840
"0.20, 0.11",1,1,1,3,3,8,650
"0.20, 0.12",1,1,1,3,3,8,570
"0.20, 0.13",1,1,1,3,3,9,510
"0.20, 0.14",1,1,2,3,3,11,520
"0.20, 0.15",1,1,1,3,3,11,480
"0.20, 0.16",1,1,1,3,3,11,480
"0.20, 0.17",1,1,2,3,3,12,610
"0.20, 0.18",1,1,2,3,3,14,600
"0.20, 0.19",1,1,2,3,3,14,600
"0.20, 0.20",1,1,2,3,3,15,600
"0.20, 0.21",1,1,2,3,3,14,600
"0.20, 0.22",1,1,2,3,3,15,600
"0.20, 0.23",1,1,2,3,3,14,600
"0.20, 0.24",1,1,2,3,3,14,600
"0.20, 0.25",1,1,2,3,3,15,600
"0.20, 0.26",1,1,2,3,3,15,600
"0.20, 0.27",1,1,2,3,3,14,600
"0.20, 0.28",1,1,2,3,3,14,600
"0.20, 0.29",1,1,2,3,3,14,600
"0.20, 0.30",1,1,2,3,3,15,600
"0.20, 0.31",1,1,2,3,3,14,600
"0.20, 0.32",1,1,2,3,3,15,600
"0.20, 0.33",1,1,2,3,3,15,600
"0.20, 0.34",1,1,2,3,3,15,600
"0.20, 0.35",1,1,2,3,3,15,600
"0.20, 0.36",1,1,2,3,3,15,600
"0.20, 0.37",1,1,2,3,3,15,600
"0.20, 0.38",1,1,2,3,3,14,600
"0.20, 0.39",1,1,2,3,3,14,600
"0.20, 0.40",1,1,2,3,3,14,600
"0.21, 0.00",0,0,0,3,3,0,960
"0.21, 0.01",0,0,0,3,3,0,1010
"0.21, 0.02",0,0,0,3,3,0,760
"0.21, 0.03",0,0,1,3,3,0,800
"0.21, 0.04",0,0,1,3,3,0,640
"0.21, 0.05",0,0,1,3,3,0,800
"0.21, 0.06",0,0,1,3,3,0,600
"0.21, 0.07",0,0,1,3,3,0,600
"0.21, 0.08",0,0,1,3,3,0,600
"0.21, 0.09",1,1,1,3,3,6,1260
"0.21, 0.10",0,0,1,3,3,0,580
"0.21, 0.11",1,1,1,3,3,7,650
"0.21, 0.12",1,1,1,3,3,7,570
"0.21, 0.13",0,0,1,3,3,0,580
"0.21, 0.14",1,1,2,3,3,11,520
"0.21, 0.15",1,1,1,3,3,11,480
"0.21, 0.16",1,1,1,3,3,12,480
"0.21, 0.17",1,1,2,3,3,12,610
"0.21, 0.18",1,1,2,3,3,14,600
"0.21, 0.19",1,1,2,3,3,15,600
"0.21, 0.20",1,1,2,3,3,14,600
"0.21, 0.21",1,1,2,3,3,15,600
"0.21, 0.22",1,1,2,3,3,14,600
"0.21, 0.23",1,1,2,3,3,14,600
"0.21, 0.24",1,1,2,3,3,14,600
"0.21, 0.25",1,1,2,3,3,15,600
"0.21, 0.26",1,1,2,3,3,15,600
"0.21, 0.27",1,1,2,3,3,14,600
"0.21, 0.28",1,1,2,3,3,15,600
"0.21, 0.29",1,1,2,3,3,15,600
"0.21, 0.30",1,1,2,3,3,15,600
"0.21, 0.31",1,1,2,3,3,15,600
"0.21, 0.32",1,1,2,3,3,15,600
"0.21, 0.33",1,1,2,3,3,15,600
"0.21, 0.34",1,1,2,3,3,14,600
"0.21, 0.35",1,1,2,3,3,15,600
"0.21, 0.36",1,1,2,3,3,15,600
"0.21, 0.37",1,1,2,3,3,15,600
"0.21, 0.38",1,1,2,3,3,15,600
"0.21, 0.39",1,1,2,3,3,14,600
"0.21, 0.40",1,1,2,3,3,15,600
"0.22, 0.00",0,0,0,3,3,0,960
"0.22, 0.01",0,0,0,3,3,0,1010
"0.22, 0.02",0,0,0,3,3,0,850
"0.22, 0.03",0,0,0,3,3,0,740
"0.22, 0.04",0,0,1,3,3,0,640
"0.22, 0.05",0,0,1,3,3,0,640
"0.22, 0.06",0,0,1,3,3,0,600
"0.22, 0.07",0,0,1,3,3,0,600
"0.22, 0.08",0,0,1,3,3,0,600
"0.22, 0.09",0,0,1,3,3,0,580
"0.22, 0.10",1,1,1,3,3,6,750
"0.22, 0.11",1,1,1,3,3,5,580
"0.22, 0.12",1,1,1,3,3,5,580
"0.22, 0.13",0,0,1,3,3,0,580
"0.22, 0.14",1,1,2,3,3,11,520
"0.22, 0.15",1,1,2,3,3,12,480
"0.22, 0.16",1,1,2,3,3,15,510
"0.22, 0.17",1,1,2,3,3,15,490
"0.22, 0.18",1,1,2,3,3,14,600
"0.22, 0.19",1,1,2,3,3,15,600
"0.22, 0.20",1,1,2,3,3,14,600
"0.22, 0.21",1,1,2,3,3,14,600
"0.22, 0.22",1,1,2,3,3,15,600
"0.22, 0.23",1,1,2,3,3,14,600
"0.22, 0.24",1,1,2,3,3,14,600
"0.22, 0.25",1,1,2,3,3,15,600
"0.22, 0.26",1,1,2,3,3,14,600
"0.22, 0.27",1,1,2,3,3,15,600
"0.22, 0.28",1,1,2,3,3,15,600
"0.22, 0.29",1,1,2,3,3,15,600
"0.22, 0.30",1,1,2,3,3,15,600
"0.22, 0.31",1,1,2,3,3,14,600
"0.22, 0.32",1,1,2,3,3,14,600
"0.22, 0.33",1,1,2,3,3,15,600
"0.22, 0.34",1,1,2,3,3,15,600
"0.22, 0.35",1,1,2,3,3,14,600
"0.22, 0.36",1,1,2,3,3,15,600
"0.22, 0.37",1,1,2,3,3,14,600
"0.22, 0.38",1,1,2,3,3,14,600
"0.22, 0.39",1,1,2,3,3,15,600
"0.22, 0.40",1,1,2,3,3,15,600
"0.23, 0.00",0,0,0,3,3,0,1050
"0.23, 0.01",0,0,0,3,3,0,1010
"0.23, 0.02",0,0,1,3,3,0,750
"0.23, 0.03",0,0,0,3,3,0,850
"0.23, 0.04",0,0,1,3,3,0,640
"0.23, 0.05",0,0,1,3,3,0,640
"0.23, 0.06",0,0,1,3,3,0,600
"0.23, 0.07",0,0,1,3,3,0,600
"0.23, 0.08",0,0,1,3,3,0,600
"0.23, 0.09",1,1,1,3,3,5,580
"0.23, 0.10",1,1,1,3,3,6,620
"0.23, 0.11",0,0,1,3,3,0,1370
"0.23, 0.12",1,1,1,3,3,9,630
"0.23, 0.13",0,0,1,3,3,0,580
"0.23, 0.14",1,1,1,3,3,10,490
"0.23, 0.15",1,1,2,3,3,12,480
"0.23, 0.16",1,1,2,3,3,14,480
"0.23, 0.17",1,1,2,3,3,15,490
"0.23, 0.18",1,1,2,3,3,15,600
"0.23, 0.19",1,1,2,3,3,14,600
"0.23, 0.20",1,1,2,3,3,17,480
"0.23, 0.21",1,1,2,3,3,14,600
"0.23, 0.22",1,1,2,3,3,17,480
"0.23, 0.23",1,1,2,3,3,14,600
"0.23, 0.24",1,1,2,3,3,17,480
"0.23, 0.25",1,1,2,3,3,14,600
"0.23, 0.26",1,1,2,3,3,14,600
"0.23, 0.27",1,1,2,3,3,14,600
"0.23, 0.28",1,1,2,3,3,17,480
"0.23, 0.29",1,1,2,3,3,17,480
"0.23, 0.30",1,1,2,3,3,17,480
"0.23, 0.31",1,1,2,3,3,14,600
"0.23, 0.32",1,1,2,3,3,14,600
"0.23, 0.33",1,1,2,3,3,17,480
"0.23, 0.34",1,1,2,3,3,17,480
"0.23, 0.35",1,1,2,3,3,14,600
"0.23, 0.36",1,1,2,3,3,17,480
"0.23, 0.37",1,1,2,3,3,14,600
"0.23, 0.38",1,1,2,3,3,17,480
"0.23, 0.39",1,1,2,3,3,14,600
"0.23, 0.40",1,1,2,3,3,14,600
"0.24, 0.00",0,0,0,3,3,0,950
"0.24, 0.01",0,0,0,3,3,0,1010
"0.24, 0.02",0,0,0,3,3,0,790
"0.24, 0.03",0,0,0,3,3,0,930
"0.24, 0.04",0,0,1,3,3,0,640
"0.24, 0.05",0,0,1,3,3,0,640
"0.24, 0.06",0,0,1,3,3,0,600
"0.24, 0.07",0,0,1,3,3,0,600
"0.24, 0.08",0,0,1,3,3,0,600
"0.24, 0.09",1,1,1,3,3,5,1230
"0.24, 0.10",0,0,1,3,3,0,580
"0.24, 0.11",0,0,1,3,3,0,580
"0.24, 0.12",1,1,1,3,3,9,520
"0.24, 0.13",0,0,1,3,3,0,580
"0.24, 0.14",1,1,1,3,3,10,540
"0.24, 0.15",1,1,1,3,3,11,490
"0.24, 0.16",1,1,2,3,3,13,510
"0.24, 0.17",1,1,2,3,3,13,490
"0.24, 0.18",1,1,2,3,3,15,600
"0.24, 0.19",1,1,2,3,3,15,480
"0.24, 0.20",1,1,2,3,3,15,480
"0.24, 0.21",1,1,2,3,3,17,480
"0.24, 0.22",1,1,2,3,3,17,480
"0.24, 0.23",1,1,2,3,3,15,480
"0.24, 0.24",1,1,2,3,3,15,480
"0.24, 0.25",1,1,2,3,3,15,480
"0.24, 0.26",1,1,2,3,3,17,480
"0.24, 0.27",1,1,2,3,3,17,480
"0.24, 0.28",1,1,2,3,3,17,480
"0.24, 0.29",1,1,2,3,3,17,480
"0.24, 0.30",1,1,2,3,3,17,480
"0.24, 0.31",1,1,2,3,3,15,480
"0.24, 0.32",1,1,2,3,3,15,480
"0.24, 0.33",1,1,2,3,3,17,480
"0.24, 0.34",1,1,2,3,3,15,480
"0.24, 0.35",1,1,2,3,3,15,480
"0.24, 0.36",1,1,2,3,3,17,480
"0.24, 0.37",1,1,2,3,3,17,480
"0.24, 0.38",1,1,2,3,3,15,480
"0.24, 0.39",1,1,2,3,3,15,480
"0.24, 0.40",1,1,2,3,3,15,480
"0.25, 0.00",0,0,0,3,3,0,1220
"0.25, 0.01",0,0,0,3,3,0,930
"0.25, 0.02",0,0,0,3,3,0,910
"0.25, 0.03",0,0,0,3,3,0,870
"0.25, 0.04",0,0,1,3,3,0,900
"0.25, 0.05",0,0,1,3,3,0,640
"0.25, 0.06",0,0,1,3,3,0,600
"0.25, 0.07",0,0,1,3,3,0,720
"0.25, 0.08",0,0,1,3,3,0,600
"0.25, 0.09",0,0,1,3,3,0,580
"0.25, 0.10",1,1,1,3,3,5,750
"0.25, 0.11",1,1,0,3,3,6,620
"0.25, 0.12",1,1,1,3,3,7,550
"0.25, 0.13",1,1,1,3,3,9,510
"0.25, 0.14",1,1,1,3,3,12,580
"0.25, 0.15",1,1,1,3,3,11,490
"0.25, 0.16",1,1,1,3,3,5,580
"0.25, 0.17",1,1,2,3,3,13,490
"0.25, 0.18",1,1,2,3,3,14,600
"0.25, 0.19",1,1,2,3,3,15,480
"0.25, 0.20",1,1,2,3,3,15,480
"0.25, 0.21",1,1,2,3,3,17,480
"0.25, 0.22",1,1,2,3,3,15,480
"0.25, 0.23",1,1,2,3,3,15,480
"0.25, 0.24",1,1,2,3,3,15,480
"0.25, 0.25",1,1,2,3,3,15,480
"0.25, 0.26",1,1,2,3,3,17,480
"0.25, 0.27",1,1,2,3,3,17,480
"0.25, 0.28",1,1,2,3,3,15,480
"0.25, 0.29",1,1,2,3,3,17,480
"0.25, 0.30",1,1,2,3,3,17,480
"0.25, 0.31",1,1,2,3,3,15,480
"0.25, 0.32",1,1,2,3,3,15,480
"0.25, 0.33",1,1,2,3,3,17,480
"0.25, 0.34",1,1,2,3,3,17,480
"0.25, 0.35",1,1,2,3,3,17,480
"0.25, 0.36",1,1,2,3,3,15,480
"0.25, 0.37",1,1,2,3,3,17,480
"0.25, 0.38",1,1,2,3,3,15,480
"0.25, 0.39",1,1,2,3,3,17,480
"0.25, 0.40",1,1,2,3,3,15,480
"0.26, 0.00",0,0,0,3,3,0,960
"0.26, 0.01",0,0,0,3,3,0,920
"0.26, 0.02",0,0,0,3,3,0,820
"0.26, 0.03",0,0,0,3,3,0,850
"0.26, 0.04",0,0,1,3,3,0,760
"0.26, 0.05",0,0,1,3,3,0,760
"0.26, 0.06",0,0,1,3,3,0,720
"0.26, 0.07",0,0,1,3,3,0,720
"0.26, 0.08",0,0,1,3,3,0,600
"0.26, 0.09",0,0,1,3,3,0,800
"0.26, 0.10",0,0,1,3,3,0,580
"0.26, 0.11",1,1,1,3,3,7,770
"0.26, 0.12",1,1,1,3,3,8,520
"0.26, 0.13",1,1,1,3,3,5,580
"0.26, 0.14",1,1,1,3,3,11,540
"0.26, 0.15",1,1,1,3,3,12,490
"0.26, 0.16",1,1,1,3,3,5,580
"0.26, 0.17",1,1,2,3,3,13,490
"0.26, 0.18",1,1,2,3,3,14,600
"0.26, 0.19",1,1,2,3,3,17,480
"0.26, 0.20",1,1,2,3,3,18,440
"0.26, 0.21",1,1,2,3,3,18,440
"0.26, 0.22",1,1,2,3,3,15,480
"0.26, 0.23",1,1,2,3,3,18,440
"0.26, 0.24",1,1,2,3,3,15,480
"0.26, 0.25",1,1,2,3,3,15,480
"0.26, 0.26",1,1,2,3,3,18,440
"0.26, 0.27",1,1,2,3,3,18,440
"0.26, 0.28",1,1,2,3,3,18,440
"0.26, 0.29",1,1,2,3,3,15,480
"0.26, 0.30",1,1,2,3,3,15,480
"0.26, 0.31",1,1,2,3,3,15,480
"0.26, 0.32",1,1,2,3,3,15,480
"0.26, 0.33",1,1,2,3,3,15,480
"0.26, 0.34",1,1,2,3,3,18,440
"0.26, 0.35",1,1,2,3,3,18,440
"0.26, 0.36",1,1,2,3,3,18,440
"0.26, 0.37",1,1,2,3,3,18,440
"0.26, 0.38",1,1,2,3,3,18,440
"0.26, 0.39",1,1,2,3,3,15,480
"0.26, 0.40",1,1,2,3,3,15,480
"0.27, 0.00",0,0,0,3,3,0,960
"0.27, 0.01",0,0,0,3,3,0,1010
"0.27, 0.02",0,0,0,3,3,0,880
"0.27, 0.03",0,0,1,3,3,0,800
"0.27, 0.04",0,0,1,3,3,0,760
"0.27, 0.05",0,0,1,3,3,0,760
"0.27, 0.06",0,0,1,3,3,0,720
"0.27, 0.07",0,0,1,3,3,0,720
"0.27, 0.08",0,0,1,3,3,0,600
"0.27, 0.09",1,1,1,3,3,5,580
"0.27, 0.10",0,0,1,3,3,0,580
"0.27, 0.11",1,1,1,3,3,5,1930
"0.27, 0.12",1,1,0,3,3,8,630
"0.27, 0.13",0,0,1,3,3,0,580
"0.27, 0.14",1,1,1,3,3,9,540
"0.27, 0.15",1,1,1,3,3,12,490
"0.27, 0.16",1,1,2,3,3,13,580
"0.27, 0.17",1,1,2,3,3,15,490
"0.27, 0.18",1,1,2,3,3,15,600
"0.27, 0.19",1,1,2,3,3,15,480
"0.27, 0.20",1,1,2,3,3,18,440
"0.27, 0.21",1,1,2,3,3,16,440
"0.27, 0.22",1,1,2,3,3,18,440
"0.27, 0.23",1,1,2,3,3,18,440
"0.27, 0.24",1,1,2,3,3,16,440
"0.27, 0.25",1,1,2,3,3,16,440
"0.27, 0.26",1,1,2,3,3,16,440
"0.27, 0.27",1,1,2,3,3,16,440
"0.27, 0.28",1,1,2,3,3,18,440
"0.27, 0.29",1,1,2,3,3,18,440
"0.27, 0.30",1,1,2,3,3,16,440
"0.27, 0.31",1,1,2,3,3,18,440
"0.27, 0.32",1,1,2,3,3,16,440
"0.27, 0.33",1,1,2,3,3,16,440
"0.27, 0.34",1,1,2,3,3,16,440
"0.27, 0.35",1,1,2,3,3,18,440
"0.27, 0.36",1,1,2,3,3,18,440
"0.27, 0.37",1,1,2,3,3,16,440
"0.27, 0.38",1,1,2,3,3,16,440
"0.27, 0.39",1,1,2,3,3,16,440
"0.27, 0.40",1,1,2,3,3,18,440
"0.28, 0.00",0,0,0,3,3,0,960
"0.28, 0.01",0,0,0,3,3,0,1000
"0.28, 0.02",0,0,0,3,3,0,850
"0.28, 0.03",0,0,0,3,3,0,870
"0.28, 0.04",0,0,1,3,3,0,760
"0.28, 0.05",0,0,1,3,3,0,760
"0.28, 0.06",0,0,1,3,3,0,720
"0.28, 0.07",0,0,1,3,3,0,720
"0.28, 0.08",0,0,1,3,3,0,600
"0.28, 0.09",0,0,1,3,3,0,580
"0.28, 0.10",1,1,1,3,3,5,580
"0.28, 0.11",1,1,0,3,3,8,560
"0.28, 0.12",1,1,1,3,3,8,520
"0.28, 0.13",1,1,1,3,3,10,780
"0.28, 0.14",1,1,2,3,3,11,510
"0.28, 0.15",1,1,1,3,3,12,490
"0.28, 0.16",1,1,1,3,3,12,490
"0.28, 0.17",1,1,2,3,3,13,490
"0.28, 0.18",1,1,2,3,3,15,600
"0.28, 0.19",1,1,2,3,3,17,480
"0.28, 0.20",1,1,2,3,3,18,440
"0.28, 0.21",1,1,2,3,3,19,440
"0.28, 0.22",1,1,2,3,3,19,440
"0.28, 0.23",1,1,2,3,3,16,440
"0.28, 0.24",1,1,2,3,3,16,440
"0.28, 0.25",1,1,2,3,3,19,440
"0.28, 0.26",1,1,2,3,3,16,440
"0.28, 0.27",1,1,2,3,3,16,440
"0.28, 0.28",1,1,2,3,3,16,440
"0.28, 0.29",1,1,2,3,3,16,440
"0.28, 0.30",1,1,2,3,3,19,440
"0.28, 0.31",1,1,2,3,3,16,440
"0.28, 0.32",1,1,2,3,3,19,440
"0.28, 0.33",1,1,2,3,3,19,440
"0.28, 0.34",1,1,2,3,3,19,440
"0.28, 0.35",1,1,2,3,3,19,440
"0.28, 0.36",1,1,2,3,3,19,440
"0.28, 0.37",1,1,2,3,3,19,440
"0.28, 0.38",1,1,2,3,3,16,440
"0.28, 0.39",1,1,2,3,3,19,440
"0.28, 0.40",1,1,2,3,3,16,440
"0.29, 0.00",0,0,0,3,3,0,1010
"0.29, 0.01",0,0,0,3,3,0,910
"0.29, 0.02",0,0,0,3,3,0,910
"0.29, 0.03",0,0,1,3,3,0,920
"0.29, 0.04",0,0,1,3,3,0,760
"0.29, 0.05",0,0,1,3,3,0,760
"0.29, 0.06",0,0,1,3,3,0,720
"0.29, 0.07",0,0,1,3,3,0,650
"0.29, 0.08",0,0,1,3,3,0,850
"0.29, 0.09",1,1,1,3,3,5,580
"0.29, 0.10",1,1,0,3,3,7,640
"0.29, 0.11",1,1,1,3,3,7,670
"0.29, 0.12",1,1,1,3,3,8,520
"0.29, 0.13",1,1,1,3,3,5,580
"0.29, 0.14",1,1,2,3,3,11,510
"0.29, 0.15",1,1,1,3,3,11,490
"0.29, 0.16",1,1,2,3,3,13,510
"0.29, 0.17",1,1,2,3,3,15,490
"0.29, 0.18",1,1,2,3,3,14,600
"0.29, 0.19",1,1,2,3,3,15,480
"0.29, 0.20",1,1,2,3,3,16,440
"0.29, 0.21",1,1,2,3,3,19,440
"0.29, 0.22",1,1,2,3,3,17,440
"0.29, 0.23",1,1,2,3,3,17,440
"0.29, 0.24",1,1,2,3,3,19,440
"0.29, 0.25",1,1,2,3,3,19,440
"0.29, 0.26",1,1,2,3,3,17,440
"0.29, 0.27",1,1,2,3,3,19,440
"0.29, 0.28",1,1,2,3,3,17,440
"0.29, 0.29",1,1,2,3,3,17,440
"0.29, 0.30",1,1,2,3,3,19,440
"0.29, 0.31",1,1,2,3,3,17,440
"0.29, 0.32",1,1,2,3,3,19,440
"0.29, 0.33",1,1,2,3,3,19,440
"0.29, 0.34",1,1,2,3,3,19,440
"0.29, 0.35",1,1,2,3,3,19,440
"0.29, 0.36",1,1,2,3,3,19,440
"0.29, 0.37",1,1,2,3,3,19,440
"0.29, 0.38",1,1,2,3,3,19,440
"0.29, 0.39",1,1,2,3,3,19,440
"0.29, 0.40",1,1,2,3,3,19,440
"0.30, 0.00",0,0,0,3,3,0,960
"0.30, 0.01",0,0,0,3,3,0,910
"0.30, 0.02",0,0,0,3,3,0,1000
"0.30, 0.03",0,0,1,3,3,0,760
"0.30, 0.04",0,0,1,3,3,0,760
"0.30, 0.05",0,0,1,3,3,0,760
"0.30, 0.06",0,0,1,3,3,0,720
"0.30, 0.07",0,0,1,3,3,0,650
"0.30, 0.08",0,0,1,3,3,0,600
"0.30, 0.09",0,0,1,3,3,0,580
"0.30, 0.10",1,1,0,3,3,6,640
"0.30, 0.11",1,1,1,3,3,6,710
"0.30, 0.12",1,1,1,3,3,7,550
"0.30, 0.13",1,1,1,3,3,9,510
"0.30, 0.14",1,1,0,3,3,9,540
"0.30, 0.15",1,1,1,3,3,11,490
"0.30, 0.16",1,1,1,3,3,12,490
"0.30, 0.17",1,1,2,3,3,13,490
"0.30, 0.18",1,1,2,3,3,14,600
"0.30, 0.19",1,1,2,3,3,15,480
"0.30, 0.20",1,1,2,3,3,16,440
"0.30, 0.21",1,1,2,3,3,19,440
"0.30, 0.22",1,1,2,3,3,19,440
"0.30, 0.23",1,1,2,3,3,17,440
"0.30, 0.24",1,1,2,3,3,20,420
"0.30, 0.25",1,1,2,3,3,17,440
"0.30, 0.26",1,1,2,3,3,20,420
"0.30, 0.27",1,1,2,3,3,17,440
"0.30, 0.28",1,1,2,3,3,17,440
"0.30, 0.29",1,1,2,3,3,17,440
"0.30, 0.30",1,1,2,3,3,20,420
"0.30, 0.31",1,1,2,3,3,17,440
"0.30, 0.32",1,1,2,3,3,17,440
"0.30, 0.33",1,1,2,3,3,20,420
"0.30, 0.34",1,1,2,3,3,20,420
"0.30, 0.35",1,1,2,3,3,17,440
"0.30, 0.36",1,1,2,3,3,20,420
"0.30, 0.37",1,1,2,3,3,17,440
"0.30, 0.38",1,1,2,3,3,20,420
"0.30, 0.39",1,1,2,3,3,20,420
"0.30, 0.40",1,1,2,3,3,20,420
"0.31, 0.00",0,0,0,3,3,0,970
"0.31, 0.01",0,0,0,3,3,0,1010
"0.31, 0.02",0,0,1,3,3,0,750
"0.31, 0.03",0,0,0,3,3,0,800
"0.31, 0.04",0,0,1,3,3,0,760
"0.31, 0.05",0,0,1,3,3,0,760
"0.31, 0.06",0,0,1,3,3,0,760
"0.31, 0.07",0,0,1,3,3,0,660
"0.31, 0.08",0,0,1,3,3,0,600
"0.31, 0.09",0,0,1,3,3,0,580
"0.31, 0.10",1,1,0,3,3,7,640
"0.31, 0.11",1,1,1,3,3,5,580
"0.31, 0.12",1,2,1,3,3,8,1320
"0.31, 0.13",1,1,1,3,3,10,510
"0.31, 0.14",1,1,2,3,3,11,510
"0.31, 0.15",1,1,1,3,3,12,490
"0.31, 0.16",1,1,1,3,3,12,490
"0.31, 0.17",1,1,2,3,3,13,490
"0.31, 0.18",1,1,2,3,3,15,600
"0.31, 0.19",1,1,2,3,3,17,480
"0.31, 0.20",1,1,2,3,3,18,440
"0.31, 0.21",1,1,2,3,3,19,440
"0.31, 0.22",1,1,2,3,3,17,440
"0.31, 0.23",1,1,2,3,3,18,420
"0.31, 0.24",1,1,2,3,3,18,420
"0.31, 0.25",1,1,2,3,3,18,420
"0.31, 0.26",1,1,2,3,3,20,420
"0.31, 0.27",1,1,2,3,3,18,420
"0.31, 0.28",1,1,2,3,3,18,420
"0.31, 0.29",1,1,2,3,3,20,420
"0.31, 0.30",1,1,2,3,3,20,420
"0.31, 0.31",1,1,2,3,3,20,420
"0.31, 0.32",1,1,2,3,3,18,420
"0.31, 0.33",1,1,2,3,3,20,420
"0.31, 0.34",1,1,2,3,3,18,420
"0.31, 0.35",1,1,2,3,3,18,420
"0.31, 0.36",1,1,2,3,3,20,420
"0.31, 0.37",1,1,2,3,3,18,420
"0.31, 0.38",1,1,2,3,3,20,420
"0.31, 0.39",1,1,2,3,3,20,420
"0.31, 0.40",1,1,2,3,3,18,420
"0.32, 0.00",0,0,0,3,3,0,1030
"0.32, 0.01",0,0,0,3,3,0,1010
"0.32, 0.02",0,0,0,3,3,0,850
"0.32, 0.03",0,0,1,3,3,0,730
"0.32, 0.04",0,0,1,3,3,0,760
"0.32, 0.05",0,0,1,3,3,0,760
"0.32, 0.06",0,0,1,3,3,0,760
"0.32, 0.07",0,0,1,3,3,0,660
"0.32, 0.08",0,0,1,3,3,0,600
"0.32, 0.09",0,0,1,3,3,0,580
"0.32, 0.10",1,1,0,3,3,7,640
"0.32, 0.11",1,1,1,3,3,8,670
"0.32, 0.12",1,1,1,3,3,5,580
"0.32, 0.13",1,1,1,3,3,5,580
"0.32, 0.14",1,1,2,3,3,11,510
"0.32, 0.15",1,1,1,3,3,12,490
"0.32, 0.16",0,0,1,3,3,0,580
"0.32, 0.17",1,1,2,3,3,13,490
"0.32, 0.18",1,1,2,3,3,14,600
"0.32, 0.19",1,1,2,3,3,15,480
"0.32, 0.20",1,1,2,3,3,16,440
"0.32, 0.21",1,1,2,3,3,19,440
"0.32, 0.22",1,1,2,3,3,19,440
"0.32, 0.23",1,1,2,3,3,20,420
"0.32, 0.24",1,1,2,3,3,20,420
"0.32, 0.25",1,1,2,3,3,18,420
"0.32, 0.26",1,1,2,3,3,18,420
"0.32, 0.27",1,1,2,3,3,18,420
"0.32, 0.28",1,1,2,3,3,20,420
"0.32, 0.29",1,1,2,3,3,18,420
"0.32, 0.30",1,1,2,3,3,20,420
"0.32, 0.31",1,1,2,3,3,18,420
"0.32, 0.32",1,1,2,3,3,20,420
"0.32, 0.33",1,1,2,3,3,20,420
"0.32, 0.34",1,1,2,3,3,20,420
"0.32, 0.35",1,1,2,3,3,18,420
"0.32, 0.36",1,1,2,3,3,18,420
"0.32, 0.37",1,1,2,3,3,20,420
"0.32, 0.38",1,1,2,3,3,18,420
"0.32, 0.39",1,1,2,3,3,18,420
"0.32, 0.40",1,1,2,3,3,18,420
"0.33, 0.00",0,0,0,3,3,0,1030
"0.33, 0.01",0,0,0,3,3,0,910
"0.33, 0.02",0,0,0,3,3,0,850
"0.33, 0.03",0,0,1,3,3,0,800
"0.33, 0.04",0,0,1,3,3,0,760
"0.33, 0.05",0,0,1,3,3,0,760
"0.33, 0.06",0,0,1,3,3,0,780
"0.33, 0.07",0,0,1,3,3,0,660
"0.33, 0.08",0,0,1,3,3,0,600
"0.33, 0.09",0,0,1,3,3,0,580
"0.33, 0.10",1,1,0,3,3,7,640
"0.33, 0.11",1,1,1,3,3,7,710
"0.33, 0.12",1,1,1,3,3,5,580
"0.33, 0.13",1,1,1,3,3,9,510
"0.33, 0.14",1,1,0,3,3,9,540
"0.33, 0.15",1,1,1,3,3,12,520
"0.33, 0.16",1,1,2,3,3,14,540
"0.33, 0.17",1,1,2,3,3,13,490
"0.33, 0.18",1,1,2,3,3,15,510
"0.33, 0.19",1,1,2,3,3,17,480
"0.33, 0.20",1,1,2,3,3,18,440
"0.33, 0.21",1,1,2,3,3,19,440
"0.33, 0.22",1,1,2,3,3,19,440
"0.33, 0.23",1,1,2,3,3,20,420
"0.33, 0.24",1,1,2,3,3,20,420
"0.33, 0.25",1,1,2,3,3,20,420
"0.33, 0.26",1,1,2,3,3,18,420
"0.33, 0.27",1,1,2,3,3,18,420
"0.33, 0.28",1,1,2,3,3,18,420
"0.33, 0.29",1,1,2,3,3,20,420
"0.33, 0.30",1,1,2,3,3,20,420
"0.33, 0.31",1,1,2,3,3,18,420
"0.33, 0.32",1,1,2,3,3,20,420
"0.33, 0.33",1,1,2,3,3,18,420
"0.33, 0.34",1,1,2,3,3,18,420
"0.33, 0.35",1,1,2,3,3,20,420
"0.33, 0.36",1,1,2,3,3,20,420
"0.33, 0.37",1,1,2,3,3,18,420
"0.33, 0.38",1,1,2,3,3,20,420
"0.33, 0.39",1,1,2,3,3,18,420
"0.33, 0.40",1,1,2,3,3,18,420
"0.34, 0.00",0,0,0,3,3,0,1120
"0.34, 0.01",0,0,0,3,3,0,910
"0.34, 0.02",0,0,0,3,3,0,850
"0.34, 0.03",0,0,1,3,3,0,830
"0.34, 0.04",0,0,1,3,3,0,760
"0.34, 0.05",0,0,1,3,3,0,760
"0.34, 0.06",0,0,1,3,3,0,780
"0.34, 0.07",0,0,1,3,3,0,600
"0.34, 0.08",0,0,1,3,3,0,600
"0.34, 0.09",0,0,1,3,3,0,810
"0.34, 0.10",1,1,0,3,3,6,640
"0.34, 0.11",1,1,1,3,3,7,670
"0.34, 0.12",0,0,1,3,3,0,580
"0.34, 0.13",1,1,1,3,3,9,510
"0.34, 0.14",1,1,1,3,3,10,540
"0.34, 0.15",1,1,1,3,3,12,520
"0.34, 0.16",1,1,1,3,3,13,490
"0.34, 0.17",1,1,2,3,3,13,490
"0.34, 0.18",1,1,2,3,3,14,600
"0.34, 0.19",1,1,2,3,3,15,480
"0.34, 0.20",1,1,2,3,3,16,440
"0.34, 0.21",1,1,2,3,3,19,440
"0.34, 0.22",1,1,2,3,3,17,440
"0.34, 0.23",1,1,2,3,3,18,420
"0.34, 0.24",1,1,2,3,3,18,420
"0.34, 0.25",1,1,2,3,3,20,420
"0.34, 0.26",1,1,2,3,3,20,420
"0.34, 0.27",1,2,1,3,3,24,640
"0.34, 0.28",1,2,1,3,3,24,880
"0.34, 0.29",1,1,2,3,3,18,420
"0.34, 0.30",1,1,2,3,3,18,420
"0.34, 0.31",1,1,2,3,3,18,420
"0.34, 0.32",1,1,2,3,3,27,890
"0.34, 0.33",1,1,2,3,3,18,420
"0.34, 0.34",1,1,2,3,3,18,420
"0.34, 0.35",1,1,2,3,3,20,420
"0.34, 0.36",1,1,2,3,3,20,420
"0.34, 0.37",1,1,2,3,3,20,420
"0.34, 0.38",1,1,2,3,3,32,680
"0.34, 0.39",1,1,2,3,3,34,680
"0.34, 0.40",1,1,2,3,3,18,420
"0.35, 0.00",0,0,0,3,3,0,1020
"0.35, 0.01",0,0,0,3,3,0,1030
"0.35, 0.02",0,0,0,3,3,0,850
"0.35, 0.03",0,0,1,3,3,0,830
"0.35, 0.04",0,0,1,3,3,0,760
"0.35, 0.05",0,0,1,3,3,0,760
"0.35, 0.06",0,0,1,3,3,0,780
"0.35, 0.07",0,0,1,3,3,0,600
"0.35, 0.08",0,0,1,3,3,0,600
"0.35, 0.09",1,1,1,3,3,5,810
"0.35, 0.10",0,0,1,3,3,0,580
"0.35, 0.11",1,1,1,3,3,6,710
"0.35, 0.12",1,1,0,3,3,9,630
"0.35, 0.13",1,1,1,3,3,10,510
"0.35, 0.14",1,1,1,3,3,11,540
"0.35, 0.15",1,1,1,3,3,12,520
"0.35, 0.16",1,1,2,3,3,13,510
"0.35, 0.17",1,1,2,3,3,13,490
"0.35, 0.18",1,1,2,3,3,14,600
"0.35, 0.19",1,1,2,3,3,17,480
"0.35, 0.20",1,1,2,3,3,16,440
"0.35, 0.21",1,1,2,3,3,17,440
"0.35, 0.22",1,1,2,3,3,17,440
"0.35, 0.23",1,1,2,3,3,18,420
"0.35, 0.24",1,1,2,3,3,18,420
"0.35, 0.25",1,1,2,3,3,20,420
"0.35, 0.26",1,1,2,3,3,20,420
"0.35, 0.27",1,2,1,3,3,24,1070
"0.35, 0.28",1,1,2,3,3,20,420
"0.35, 0.29",1,2,1,3,3,26,1080
"0.35, 0.30",1,2,1,3,3,26,820
"0.35, 0.31",1,1,2,3,3,18,420
"0.35, 0.32",1,1,2,3,3,29,860
"0.35, 0.33",1,1,2,3,3,29,810
"0.35, 0.34",1,1,2,3,3,32,690
"0.35, 0.35",1,1,2,3,3,32,800
"0.35, 0.36",1,1,2,3,3,32,680
"0.35, 0.37",1,1,2,3,3,35,640
"0.35, 0.38",1,1,2,3,3,32,680
"0.35, 0.39",1,1,2,3,3,32,680
"0.35, 0.40",1,1,2,3,3,35,640
"0.36, 0.00",0,0,0,3,3,0,970
"0.36, 0.01",0,0,0,3,3,0,950
"0.36, 0.02",0,0,1,3,3,0,750
"0.36, 0.03",0,0,0,3,3,0,870
"0.36, 0.04",0,0,1,3,3,0,760
"0.36, 0.05",0,0,1,3,3,0,760
"0.36, 0.06",0,0,1,3,3,0,780
"0.36, 0.07",0,0,1,3,3,0,600
"0.36, 0.08",0,0,1,3,3,0,600
"0.36, 0.09",1,1,1,3,3,5,580
"0.36, 0.10",0,0,1,3,3,0,580
"0.36, 0.11",1,1,1,3,3,6,710
"0.36, 0.12",0,0,1,3,3,0,580
"0.36, 0.13",1,1,1,3,3,9,680
"0.36, 0.14",1,1,1,3,3,10,510
"0.36, 0.15",1,1,1,3,3,5,580
"0.36, 0.16",1,1,2,3,3,13,510
"0.36, 0.17",1,1,2,3,3,15,490
"0.36, 0.18",1,1,1,3,3,5,580
"0.36, 0.19",1,1,2,3,3,15,480
"0.36, 0.20",1,1,2,3,3,16,440
"0.36, 0.21",1,1,2,3,3,19,440
"0.36, 0.22",1,1,2,3,3,19,440
"0.36, 0.23",1,1,2,3,3,20,420
"0.36, 0.24",1,1,2,3,3,18,420
"0.36, 0.25",1,1,2,3,3,18,420
"0.36, 0.26",1,1,2,3,3,18,420
"0.36, 0.27",1,2,1,3,3,26,1070
"0.36, 0.28",1,2,1,3,3,25,1130
"0.36, 0.29",1,2,1,3,3,26,1080
"0.36, 0.30",1,2,1,3,3,28,1040
"0.36, 0.31",1,2,1,3,3,28,1040
"0.36, 0.32",1,1,2,3,3,29,870
"0.36, 0.33",1,1,2,3,3,30,810
"0.36, 0.34",1,1,2,3,3,32,690
"0.36, 0.35",1,1,2,3,3,31,800
"0.36, 0.36",1,1,2,3,3,34,680
"0.36, 0.37",1,1,2,3,3,33,640
"0.36, 0.38",1,1,2,3,3,35,640
"0.36, 0.39",1,1,2,3,3,33,640
"0.36, 0.40",1,1,2,3,3,33,640
"0.37, 0.00",0,0,0,3,3,0,960
"0.37, 0.01",0,0,0,3,3,0,1010
"0.37, 0.02",0,0,1,3,3,0,750
"0.37, 0.03",0,0,0,3,3,0,1090
"0.37, 0.04",0,0,1,3,3,0,760
"0.37, 0.05",0,0,1,3,3,0,760
"0.37, 0.06",0,0,1,3,3,0,780
"0.37, 0.07",0,0,1,3,3,0,600
"0.37, 0.08",0,0,1,3,3,0,600
"0.37, 0.09",1,1,1,3,3,5,580
"0.37, 0.10",1,1,1,3,3,5,580
"0.37, 0.11",1,1,1,3,3,8,670
"0.37, 0.12",1,1,1,3,3,7,760
"0.37, 0.13",1,1,1,3,3,9,510
"0.37, 0.14",1,1,1,3,3,10,540
"0.37, 0.15",1,1,1,3,3,11,490
"0.37, 0.16",1,1,2,3,3,13,490
"0.37, 0.17",1,1,2,3,3,15,490
"0.37, 0.18",1,1,2,3,3,16,510
"0.37, 0.19",1,1,2,3,3,17,480
"0.37, 0.20",1,1,2,3,3,16,440
"0.37, 0.21",1,1,2,3,3,17,440
"0.37, 0.22",1,1,2,3,3,19,440
"0.37, 0.23",1,1,2,3,3,20,420
"0.37, 0.24",1,1,2,3,3,18,420
"0.37, 0.25",1,1,2,3,3,20,420
"0.37, 0.26",1,1,2,3,3,20,420
"0.37, 0.27",1,2,1,3,3,24,1110
"0.37, 0.28",1,1,2,3,3,15,460
"0.37, 0.29",1,2,1,3,3,26,1050
"0.37, 0.30",1,2,1,3,3,26,1050
"0.37, 0.31",1,2,1,3,3,27,630
"0.37, 0.32",1,1,2,3,3,29,890
"0.37, 0.33",1,1,2,3,3,29,810
"0.37, 0.34",1,1,2,3,3,32,690
"0.37, 0.35",1,1,2,3,3,20,420
"0.37, 0.36",1,1,2,3,3,32,680
"0.37, 0.37",1,1,2,3,3,35,640
"0.37, 0.38",1,1,2,3,3,33,640
"0.37, 0.39",1,1,2,3,3,35,630
"0.37, 0.40",1,1,2,3,3,33,640
"0.38, 0.00",0,0,0,3,3,0,1180
"0.38, 0.01",0,0,0,3,3,0,950
"0.38, 0.02",0,0,0,3,3,0,850
"0.38, 0.03",0,0,1,3,3,0,800
"0.38, 0.04",0,0,1,3,3,0,760
"0.38, 0.05",0,0,1,3,3,0,760
"0.38, 0.06",0,0,1,3,3,0,890
"0.38, 0.07",0,0,1,3,3,0,600
"0.38, 0.08",0,0,1,3,3,0,600
"0.38, 0.09",1,1,1,3,3,5,580
"0.38, 0.10",0,0,1,3,3,0,580
"0.38, 0.11",1,1,1,3,3,8,670
"0.38, 0.12",0,0,1,3,3,0,580
"0.38, 0.13",1,1,1,3,3,9,510
"0.38, 0.14",1,1,2,3,3,11,510
"0.38, 0.15",1,1,1,3,3,10,520
"0.38, 0.16",1,1,2,3,3,14,600
"0.38, 0.17",1,1,2,3,3,13,490
"0.38, 0.18",1,1,2,3,3,14,510
"0.38, 0.19",1,1,2,3,3,15,480
"0.38, 0.20",1,1,2,3,3,18,440
"0.38, 0.21",1,1,2,3,3,19,440
"0.38, 0.22",1,1,2,3,3,19,440
"0.38, 0.23",1,1,2,3,3,20,420
"0.38, 0.24",1,1,2,3,3,18,420
"0.38, 0.25",1,1,2,3,3,20,420
"0.38, 0.26",1,1,2,3,3,18,420
"0.38, 0.27",1,1,2,3,3,20,420
"0.38, 0.28",1,2,1,3,3,25,570
"0.38, 0.29",1,2,1,3,3,26,1080
"0.38, 0.30",1,2,1,3,3,28,1160
"0.38, 0.31",1,2,1,3,3,26,1080
"0.38, 0.32",1,1,2,3,3,29,860
"0.38, 0.33",1,1,1,3,3,31,800
"0.38, 0.34",1,1,2,3,3,32,690
"0.38, 0.35",1,1,2,3,3,33,650
"0.38, 0.36",1,1,2,3,3,34,680
"0.38, 0.37",1,1,2,3,3,35,640
"0.38, 0.38",1,1,2,3,3,36,760
"0.38, 0.39",1,1,2,3,3,38,690
"0.38, 0.40",1,1,2,3,3,36,760
"0.39, 0.00",0,0,0,3,3,0,960
"0.39, 0.01",0,0,0,3,3,0,950
"0.39, 0.02",0,0,1,3,3,0,750
"0.39, 0.03",0,0,1,3,3,0,800
"0.39, 0.04",0,0,1,3,3,0,760
"0.39, 0.05",0,0,1,3,3,0,760
"0.39, 0.06",0,0,1,3,3,0,780
"0.39, 0.07",0,0,1,3,3,0,600
"0.39, 0.08",0,0,1,3,3,0,600
"0.39, 0.09",1,1,1,3,3,5,580
"0.39, 0.10",1,1,0,3,3,6,640
"0.39, 0.11",1,1,1,3,3,8,670
"0.39, 0.12",1,1,1,3,3,9,550
"0.39, 0.13",1,1,1,3,3,9,510
"0.39, 0.14",1,1,1,3,3,10,540
"0.39, 0.15",1,1,1,3,3,10,520
"0.39, 0.16",1,1,1,3,3,12,490
"0.39, 0.17",1,1,2,3,3,14,510
"0.39, 0.18",1,1,2,3,3,14,510
"0.39, 0.19",1,1,2,3,3,17,480
"0.39, 0.20",1,1,2,3,3,16,440
"0.39, 0.21",1,1,2,3,3,19,440
"0.39, 0.22",1,1,2,3,3,17,440
"0.39, 0.23",1,1,2,3,3,18,420
"0.39, 0.24",1,1,2,3,3,20,420
"0.39, 0.25",1,1,2,3,3,18,420
"0.39, 0.26",1,1,2,3,3,18,420
"0.39, 0.27",1,1,2,3,3,18,420
"0.39, 0.28",1,1,2,3,3,20,420
"0.39, 0.29",1,2,1,3,3,25,1120
"0.39, 0.30",1,2,1,3,3,30,1160
"0.39, 0.31",1,1,1,3,3,30,810
"0.39, 0.32",1,2,1,3,3,27,1080
"0.39, 0.33",1,1,1,3,3,31,800
"0.39, 0.34",1,2,1,3,3,28,1170
"0.39, 0.35",1,1,1,3,3,17,480
"0.39, 0.36",1,2,1,3,3,26,570
"0.39, 0.37",1,2,1,3,3,34,980
"0.39, 0.38",1,1,2,3,3,36,760
"0.39, 0.39",1,1,2,3,3,38,760
"0.39, 0.40",1,1,2,3,3,36,760
"0.40, 0.00",0,0,0,3,3,0,960
"0.40, 0.01",0,0,0,3,3,0,910
"0.40, 0.02",0,0,1,3,3,0,750
"0.40, 0.03",0,0,0,3,3,0,1090
"0.40, 0.04",0,0,1,3,3,0,760
"0.40, 0.05",0,0,1,3,3,0,760
"0.40, 0.06",0,0,1,3,3,0,780
"0.40, 0.07",0,0,1,3,3,0,600
"0.40, 0.08",0,0,1,3,3,0,600
"0.40, 0.09",0,0,1,3,3,0,580
"0.40, 0.10",0,0,1,3,3,0,580
"0.40, 0.11",1,1,1,3,3,7,670
"0.40, 0.12",1,1,1,3,3,9,550
"0.40, 0.13",1,1,1,3,3,9,510
"0.40, 0.14",1,1,1,3,3,10,540
"0.40, 0.15",1,1,1,3,3,12,520
"0.40, 0.16",1,1,2,3,3,13,550
"0.40, 0.17",1,1,2,3,3,14,510
"0.40, 0.18",1,1,2,3,3,14,510
"0.40, 0.19",1,1,2,3,3,17,480
"0.40, 0.20",1,1,2,3,3,18,440
"0.40, 0.21",1,1,2,3,3,17,440
"0.40, 0.22",1,1,2,3,3,19,440
"0.40, 0.23",1,1,2,3,3,20,420
"0.40, 0.24",1,1,2,3,3,18,420
"0.40, 0.25",1,1,2,3,3,18,420
"0.40, 0.26",1,1,2,3,3,18,420
"0.40, 0.27",1,1,2,3,3,20,420
"0.40, 0.28",1,1,2,3,3,18,420
"0.40, 0.29",1,2,1,3,3,24,1190
"0.40, 0.30",1,1,2,3,3,20,420
"0.40, 0.31",1,2,1,3,3,28,1260
"0.40, 0.32",1,2,1,3,3,28,1110
"0.40, 0.33",1,1,1,3,3,31,800
"0.40, 0.34",1,2,1,3,3,32,570
"0.40, 0.35",1,2,1,3,3,32,1090
"0.40, 0.36",1,1,1,3,3,18,470
"0.40, 0.37",1,2,1,3,3,34,1010
"0.40, 0.38",1,1,2,3,3,36,760
"0.40, 0.39",1,1,2,3,3,36,760
"0.40, 0.40",1,1,2,3,3,38,760
